log_prob_true,time_log_prob,loss,log_prob,val_time_log_prob,val_loss,val_log_prob,epoch,step,time_sample_obs,mmd_obs,log_prob_p,kl_distance,val_time_sample_obs,val_mmd_obs,log_px_z,kl_z,elbo,objective,time_forward
-5.606074333190918,5.124474048614502,15.91154670715332,-15.91154670715332,5.602769374847412,15.91154670715332,-15.91154670715332,0,19,,,,,,,,,,,
-5.606074333190918,5.522632598876953,10.598605155944824,-10.598605155944824,6.068416595458984,10.598605155944824,-10.598605155944824,1,39,40.550018310546875,0.031749725341796875,-4.8951873779296875,-0.716080904006958,40.550018310546875,0.031749725341796875,,,,,
,,19.141700744628906,,,,,2,49,,,,,,,-12.680516242980957,6.461183071136475,-19.141700744628906,-19.141700744628906,6.884103775024414
-5.606074333190918,4.609013080596924,10.322966575622559,-10.322966575622559,5.11816930770874,10.322966575622559,-10.322966575622559,2,59,,,,,,,,,,,
-5.606074333190918,4.707145690917969,10.133086204528809,-10.133086204528809,5.318637847900391,10.133086204528809,-10.133086204528809,3,79,,,,,,,,,,,
,,17.558446884155273,,,,,4,99,,,,,,,-11.437605857849121,6.120840549468994,-17.558446884155273,-17.558446884155273,10.735848426818848
-5.606074333190918,4.752159595489502,10.105523109436035,-10.105523109436035,5.277679920196533,10.105523109436035,-10.105523109436035,4,99,,,,,,,,,,,
-5.606074333190918,4.951476573944092,10.06944465637207,-10.06944465637207,5.789333343505859,10.06944465637207,-10.06944465637207,5,119,,,,,,,,,,,
-5.606074333190918,4.961109161376953,10.059284210205078,-10.059284210205078,5.625885009765625,10.059283256530762,-10.059283256530762,6,139,,,,,,,,,,,
,,17.33211898803711,,,,,7,149,,,,,,,-11.099401473999023,6.232719898223877,-17.33211898803711,-17.33211898803711,8.82404899597168
-5.606074333190918,4.770374298095703,10.102376937866211,-10.102376937866211,5.384432315826416,10.102376937866211,-10.102376937866211,7,159,,,,,,,,,,,
-5.606074333190918,5.158710479736328,9.934330940246582,-9.934330940246582,5.617175579071045,9.934329986572266,-9.934329986572266,8,179,,,,,,,,,,,
,,17.696474075317383,,,,,9,199,,,,,,,-11.479125022888184,6.217349529266357,-17.696474075317383,-17.696474075317383,9.125646591186523
-5.606074333190918,4.655838489532471,9.957053184509277,-9.957053184509277,5.205088138580322,9.957053184509277,-9.957053184509277,9,199,,,,,,,,,,,
-5.606074333190918,4.714679718017578,10.388713836669922,-10.388713836669922,5.230384349822998,10.388713836669922,-10.388713836669922,10,219,,,,,,,,,,,
-5.606074333190918,4.841804504394531,9.67202377319336,-9.67202377319336,5.362223148345947,9.67202377319336,-9.67202377319336,11,239,40.16770935058594,0.026088595390319824,-4.847507476806641,-0.7637611627578735,40.16770935058594,0.026088595390319824,,,,,
,,16.934326171875,,,,,12,249,,,,,,,-10.621047019958496,6.3132805824279785,-16.934326171875,-16.934326171875,5.356501579284668
-5.606074333190918,4.719829559326172,9.616348266601562,-9.616348266601562,5.337602615356445,9.616348266601562,-9.616348266601562,12,259,,,,,,,,,,,
-5.606074333190918,4.616069793701172,10.13123893737793,-10.13123893737793,5.151412487030029,10.131237983703613,-10.131237983703613,13,279,,,,,,,,,,,
,,17.714200973510742,,,,,14,299,,,,,,,-11.55081558227539,6.163386821746826,-17.714200973510742,-17.714200973510742,10.490856170654297
-5.606074333190918,4.626750946044922,10.191618919372559,-10.191618919372559,5.161381244659424,10.191618919372559,-10.191618919372559,14,299,,,,,,,,,,,
-5.606074333190918,4.609489440917969,10.332647323608398,-10.332647323608398,5.116003513336182,10.332646369934082,-10.332646369934082,15,319,,,,,,,,,,,
-5.606074333190918,4.845047473907471,10.121787071228027,-10.121787071228027,5.390495777130127,10.121786117553711,-10.121786117553711,16,339,,,,,,,,,,,
,,17.074064254760742,,,,,17,349,,,,,,,-10.7225923538208,6.351469993591309,-17.074064254760742,-17.074064254760742,5.292007923126221
-5.606074333190918,4.696178436279297,9.867937088012695,-9.867937088012695,5.309516429901123,9.867938041687012,-9.867938041687012,17,359,,,,,,,,,,,
-5.606074333190918,6.585978984832764,10.370828628540039,-10.370828628540039,6.763761043548584,10.370828628540039,-10.370828628540039,18,379,,,,,,,,,,,
,,17.578975677490234,,,,,19,399,,,,,,,-11.303163528442383,6.27581262588501,-17.578975677490234,-17.578975677490234,9.060344696044922
-5.606074333190918,4.7557830810546875,10.509066581726074,-10.509066581726074,5.318933010101318,10.509065628051758,-10.509065628051758,19,399,,,,,,,,,,,
-5.606074333190918,5.092430591583252,10.351244926452637,-10.351244926452637,5.580030918121338,10.35124683380127,-10.35124683380127,20,419,,,,,,,,,,,
-5.606074333190918,5.0884246826171875,10.272899627685547,-10.272899627685547,5.5300211906433105,10.272899627685547,-10.272899627685547,21,439,40.646175384521484,0.0277864933013916,-4.857639312744141,-0.7536291480064392,40.646175384521484,0.0277864933013916,,,,,
,,17.040075302124023,,,,,22,449,,,,,,,-10.560999870300293,6.479074478149414,-17.040075302124023,-17.040075302124023,5.526002407073975
-5.606074333190918,5.303764343261719,10.088324546813965,-10.088324546813965,6.072587966918945,10.088324546813965,-10.088324546813965,22,459,,,,,,,,,,,
-5.606074333190918,4.6154022216796875,9.884093284606934,-9.884093284606934,5.151261806488037,9.88409423828125,-9.88409423828125,23,479,,,,,,,,,,,
,,17.355192184448242,,,,,24,499,,,,,,,-10.792665481567383,6.562526702880859,-17.355192184448242,-17.355192184448242,10.480775833129883
-5.606074333190918,4.5154571533203125,10.111248016357422,-10.111248016357422,5.012176036834717,10.111248016357422,-10.111248016357422,24,499,,,,,,,,,,,
-5.606074333190918,5.005073547363281,10.15263843536377,-10.15263843536377,5.469850540161133,10.152637481689453,-10.152637481689453,25,519,,,,,,,,,,,
-5.606074333190918,4.716205596923828,10.007179260253906,-10.007179260253906,5.2445902824401855,10.007179260253906,-10.007179260253906,26,539,,,,,,,,,,,
,,17.145320892333984,,,,,27,549,,,,,,,-10.744117736816406,6.40120267868042,-17.145320892333984,-17.145320892333984,6.490386962890625
-5.606074333190918,4.844379901885986,10.836581230163574,-10.836581230163574,5.344479084014893,10.836580276489258,-10.836580276489258,27,559,,,,,,,,,,,
-5.606074333190918,4.4712066650390625,10.548482894897461,-10.548482894897461,4.881584167480469,10.548481941223145,-10.548481941223145,28,579,,,,,,,,,,,
,,16.932706832885742,,,,,29,599,,,,,,,-10.61464786529541,6.318058013916016,-16.932706832885742,-16.932706832885742,12.319315910339355
-5.606074333190918,5.2188873291015625,10.457334518432617,-10.457334518432617,5.744326114654541,10.457334518432617,-10.457334518432617,29,599,,,,,,,,,,,
-5.606074333190918,4.879570484161377,10.942850112915039,-10.942850112915039,5.352394104003906,10.942851066589355,-10.942851066589355,30,619,,,,,,,,,,,
-5.606074333190918,5.243778705596924,10.684042930603027,-10.684042930603027,5.71508264541626,10.684042930603027,-10.684042930603027,31,639,40.66596603393555,0.029120683670043945,-4.838994026184082,-0.7722748517990112,40.66596603393555,0.029120683670043945,,,,,
,,16.618452072143555,,,,,32,649,,,,,,,-9.943138122558594,6.675313472747803,-16.618452072143555,-16.618452072143555,6.0410237312316895
-5.606074333190918,5.22003173828125,10.688377380371094,-10.688377380371094,5.678373336791992,10.688376426696777,-10.688376426696777,32,659,,,,,,,,,,,
-5.606074333190918,5.278682708740234,10.60385799407959,-10.60385799407959,5.739755153656006,10.603857040405273,-10.603857040405273,33,679,,,,,,,,,,,
,,15.900638580322266,,,,,34,699,,,,,,,-9.440292358398438,6.460346221923828,-15.900638580322266,-15.900638580322266,9.48239803314209
-5.606074333190918,5.438995361328125,10.147726058959961,-10.147726058959961,5.9627366065979,10.147725105285645,-10.147725105285645,34,699,,,,,,,,,,,
-5.606074333190918,5.267620086669922,10.511131286621094,-10.511131286621094,5.729475498199463,10.511131286621094,-10.511131286621094,35,719,,,,,,,,,,,
-5.606074333190918,5.916404724121094,10.333296775817871,-10.333296775817871,6.456539154052734,10.333295822143555,-10.333295822143555,36,739,,,,,,,,,,,
,,16.25119400024414,,,,,37,749,,,,,,,-9.992631912231445,6.258562088012695,-16.25119400024414,-16.25119400024414,6.68549919128418
-5.606074333190918,4.60205078125,10.76933479309082,-10.76933479309082,5.114860534667969,10.76933479309082,-10.76933479309082,37,759,,,,,,,,,,,
-5.606074333190918,4.625892639160156,10.493326187133789,-10.493326187133789,5.123066425323486,10.493326187133789,-10.493326187133789,38,779,,,,,,,,,,,
,,17.11942481994629,,,,,39,799,,,,,,,-10.672264099121094,6.447161674499512,-17.11942481994629,-17.11942481994629,15.669447898864746
-5.606074333190918,4.819583415985107,9.793212890625,-9.793212890625,5.331862926483154,9.793211936950684,-9.793211936950684,39,799,,,,,,,,,,,
-5.606074333190918,5.046558380126953,10.018122673034668,-10.018122673034668,5.485146999359131,10.018123626708984,-10.018123626708984,40,819,,,,,,,,,,,
-5.606074333190918,5.027485370635986,10.218879699707031,-10.218879699707031,5.480918884277344,10.218879699707031,-10.218879699707031,41,839,40.369110107421875,0.025392651557922363,-4.859816551208496,-0.7514525055885315,40.369110107421875,0.025392651557922363,,,,,
,,16.152217864990234,,,,,42,849,,,,,,,-9.775008201599121,6.377209186553955,-16.152217864990234,-16.152217864990234,5.950220108032227
-5.606074333190918,4.9503326416015625,10.476383209228516,-10.476383209228516,5.42991828918457,10.476383209228516,-10.476383209228516,42,859,,,,,,,,,,,
-5.606074333190918,5.019664287567139,10.149138450622559,-10.149138450622559,5.542814254760742,10.149138450622559,-10.149138450622559,43,879,,,,,,,,,,,
,,17.344865798950195,,,,,44,899,,,,,,,-10.719608306884766,6.625259876251221,-17.344865798950195,-17.344865798950195,8.79124641418457
-5.606074333190918,6.466292858123779,10.47330093383789,-10.47330093383789,6.655261993408203,10.473299980163574,-10.473299980163574,44,899,,,,,,,,,,,
-5.606074333190918,5.023097991943359,10.127197265625,-10.127197265625,5.486876010894775,10.127197265625,-10.127197265625,45,919,,,,,,,,,,,
-5.606074333190918,4.930591583251953,10.322221755981445,-10.322221755981445,5.358852863311768,10.322221755981445,-10.322221755981445,46,939,,,,,,,,,,,
,,16.986087799072266,,,,,47,949,,,,,,,-10.568122863769531,6.417964935302734,-16.986087799072266,-16.986087799072266,5.805399417877197
-5.606074333190918,4.864311218261719,10.350830078125,-10.350830078125,5.308351039886475,10.350830078125,-10.350830078125,47,959,,,,,,,,,,,
-5.606074333190918,5.009174346923828,10.684504508972168,-10.684504508972168,5.46238374710083,10.684504508972168,-10.684504508972168,48,979,,,,,,,,,,,
,,16.772520065307617,,,,,49,999,,,,,,,-10.505712509155273,6.266808986663818,-16.772520065307617,-16.772520065307617,12.824640274047852
-5.606074333190918,5.976963043212891,10.687196731567383,-10.687196731567383,6.410848140716553,10.6871976852417,-10.6871976852417,49,999,,,,,,,,,,,
-5.606074333190918,4.648494720458984,10.325663566589355,-10.325663566589355,5.173576831817627,10.325663566589355,-10.325663566589355,50,1019,,,,,,,,,,,
-5.606074333190918,5.164146423339844,9.740732192993164,-9.740732192993164,5.609714984893799,9.74073314666748,-9.74073314666748,51,1039,40.53535079956055,0.028523564338684082,-4.8795671463012695,-0.7317014932632446,40.53535079956055,0.028523564338684082,,,,,
,,16.466976165771484,,,,,52,1049,,,,,,,-10.010054588317871,6.456920623779297,-16.466976165771484,-16.466976165771484,5.9157609939575195
-5.606074333190918,4.745769500732422,9.71957015991211,-9.71957015991211,5.272676467895508,9.71957015991211,-9.71957015991211,52,1059,,,,,,,,,,,
-5.606074333190918,4.732799530029297,10.526451110839844,-10.526451110839844,5.245719909667969,10.526451110839844,-10.526451110839844,53,1079,,,,,,,,,,,
,,17.3810977935791,,,,,54,1099,,,,,,,-11.25631332397461,6.124783515930176,-17.3810977935791,-17.3810977935791,10.59034252166748
-5.606074333190918,4.585170745849609,10.044200897216797,-10.044200897216797,5.098766326904297,10.04419994354248,-10.04419994354248,54,1099,,,,,,,,,,,
-5.606074333190918,4.508781433105469,10.003835678100586,-10.003835678100586,5.027859687805176,10.003835678100586,-10.003835678100586,55,1119,,,,,,,,,,,
-5.606074333190918,4.590702533721924,10.433806419372559,-10.433806419372559,5.133125305175781,10.433807373046875,-10.433807373046875,56,1139,,,,,,,,,,,
,,16.403240203857422,,,,,57,1149,,,,,,,-10.042684555053711,6.360555648803711,-16.403240203857422,-16.403240203857422,5.371635913848877
-5.606074333190918,4.995918273925781,10.13475227355957,-10.13475227355957,5.590569972991943,10.134753227233887,-10.134753227233887,57,1159,,,,,,,,,,,
-5.606074333190918,8.409976959228516,10.382201194763184,-10.382201194763184,8.2387056350708,10.382200241088867,-10.382200241088867,58,1179,,,,,,,,,,,
,,17.18629264831543,,,,,59,1199,,,,,,,-10.565252304077148,6.621039867401123,-17.18629264831543,-17.18629264831543,9.231269836425781
-5.606074333190918,4.655456066131592,10.151870727539062,-10.151870727539062,5.160482883453369,10.151870727539062,-10.151870727539062,59,1199,,,,,,,,,,,
-5.606074333190918,4.640102386474609,10.096498489379883,-10.096498489379883,5.149559497833252,10.096498489379883,-10.096498489379883,60,1219,,,,,,,,,,,
-5.606074333190918,5.059719085693359,10.127240180969238,-10.127240180969238,5.53641939163208,10.127240180969238,-10.127240180969238,61,1239,40.249900817871094,0.02799510955810547,-4.844635009765625,-0.7666341066360474,40.249900817871094,0.02799510955810547,,,,,
,,17.44443130493164,,,,,62,1249,,,,,,,-10.820218086242676,6.624213695526123,-17.44443130493164,-17.44443130493164,5.971174716949463
-5.606074333190918,4.7824859619140625,9.716310501098633,-9.716310501098633,5.275645732879639,9.71631145477295,-9.71631145477295,62,1259,,,,,,,,,,,
-5.606074333190918,5.760955810546875,9.83074951171875,-9.83074951171875,6.089212417602539,9.830750465393066,-9.830750465393066,63,1279,,,,,,,,,,,
,,16.426101684570312,,,,,64,1299,,,,,,,-9.851150512695312,6.574951171875,-16.426101684570312,-16.426101684570312,10.22877025604248
-5.606074333190918,5.5196757316589355,9.796562194824219,-9.796562194824219,5.931849002838135,9.796561241149902,-9.796561241149902,64,1299,,,,,,,,,,,
-5.606074333190918,4.844665050506592,10.682576179504395,-10.682576179504395,5.334497451782227,10.682577133178711,-10.682577133178711,65,1319,,,,,,,,,,,
-5.606074333190918,5.150604248046875,10.191205978393555,-10.191205978393555,5.940972805023193,10.191205024719238,-10.191205024719238,66,1339,,,,,,,,,,,
,,17.04587745666504,,,,,67,1349,,,,,,,-10.687055587768555,6.358822345733643,-17.04587745666504,-17.04587745666504,6.3721089363098145
-5.606074333190918,4.694080352783203,10.574833869934082,-10.574833869934082,5.207531452178955,10.574833869934082,-10.574833869934082,67,1359,,,,,,,,,,,
-5.606074333190918,4.709434986114502,10.558479309082031,-10.558479309082031,5.26500940322876,10.558479309082031,-10.558479309082031,68,1379,,,,,,,,,,,
,,16.243667602539062,,,,,69,1399,,,,,,,-9.87313175201416,6.370532989501953,-16.243667602539062,-16.243667602539062,8.60542106628418
-5.606074333190918,4.587364673614502,9.66440200805664,-9.66440200805664,5.110274791717529,9.664402961730957,-9.664402961730957,69,1399,,,,,,,,,,,
-5.606074333190918,4.7946929931640625,10.286873817443848,-10.286873817443848,5.324669361114502,10.286873817443848,-10.286873817443848,70,1419,,,,,,,,,,,
-5.606074333190918,5.625724792480469,9.709868431091309,-9.709868431091309,6.442047119140625,9.709868431091309,-9.709868431091309,71,1439,40.55653762817383,0.025406956672668457,-4.862997055053711,-0.7482715249061584,40.55653762817383,0.025406956672668457,,,,,
,,16.595020294189453,,,,,72,1449,,,,,,,-10.229379653930664,6.365641117095947,-16.595020294189453,-16.595020294189453,5.153007984161377
-5.606074333190918,5.074024200439453,10.568150520324707,-10.568150520324707,5.563676834106445,10.56814956665039,-10.56814956665039,72,1459,,,,,,,,,,,
-5.606074333190918,4.974174976348877,10.148759841918945,-10.148759841918945,5.416419506072998,10.148759841918945,-10.148759841918945,73,1479,,,,,,,,,,,
,,15.944716453552246,,,,,74,1499,,,,,,,-9.42984676361084,6.514870643615723,-15.944716453552246,-15.944716453552246,8.650123596191406
-5.606074333190918,4.763126373291016,10.40728759765625,-10.40728759765625,5.265096187591553,10.407288551330566,-10.407288551330566,74,1499,,,,,,,,,,,
-5.606074333190918,4.690361022949219,10.124037742614746,-10.124037742614746,5.28906774520874,10.124038696289062,-10.124038696289062,75,1519,,,,,,,,,,,
-5.606074333190918,4.954242706298828,9.774733543395996,-9.774733543395996,5.415519714355469,9.774733543395996,-9.774733543395996,76,1539,,,,,,,,,,,
,,16.24714469909668,,,,,77,1549,,,,,,,-9.808629035949707,6.438515663146973,-16.24714469909668,-16.24714469909668,5.431939125061035
-5.606074333190918,5.034637451171875,9.53522777557373,-9.53522777557373,5.492338180541992,9.53522777557373,-9.53522777557373,77,1559,,,,,,,,,,,
-5.606074333190918,4.776095867156982,10.309554100036621,-10.309554100036621,5.373374938964844,10.309555053710938,-10.309555053710938,78,1579,,,,,,,,,,,
,,16.897823333740234,,,,,79,1599,,,,,,,-10.474495887756348,6.42332649230957,-16.897823333740234,-16.897823333740234,9.208041191101074
-5.606074333190918,4.962253570556641,10.070846557617188,-10.070846557617188,5.432253360748291,10.070846557617188,-10.070846557617188,79,1599,,,,,,,,,,,
-5.606074333190918,5.146598815917969,9.93502426147461,-9.93502426147461,5.591506481170654,9.935023307800293,-9.935023307800293,80,1619,,,,,,,,,,,
-5.606074333190918,4.717540740966797,10.132198333740234,-10.132198333740234,5.25540018081665,10.132198333740234,-10.132198333740234,81,1639,141.94659423828125,0.026318907737731934,-4.884641647338867,-0.726626992225647,141.94659423828125,0.026318907737731934,,,,,
,,16.38932991027832,,,,,82,1649,,,,,,,-9.96871566772461,6.420614242553711,-16.38932991027832,-16.38932991027832,5.865469455718994
-5.606074333190918,5.3211212158203125,9.94739055633545,-9.94739055633545,6.1206955909729,9.947388648986816,-9.947388648986816,82,1659,,,,,,,,,,,
-5.606074333190918,5.077171325683594,10.171048164367676,-10.171048164367676,5.5228271484375,10.171048164367676,-10.171048164367676,83,1679,,,,,,,,,,,
,,17.57452392578125,,,,,84,1699,,,,,,,-11.036909103393555,6.537613868713379,-17.57452392578125,-17.57452392578125,8.979702949523926
-5.606074333190918,5.013275623321533,10.285246849060059,-10.285246849060059,5.48831033706665,10.285246849060059,-10.285246849060059,84,1699,,,,,,,,,,,
-5.606074333190918,4.952812671661377,10.420714378356934,-10.420714378356934,5.466115474700928,10.420714378356934,-10.420714378356934,85,1719,,,,,,,,,,,
-5.606074333190918,5.243396282196045,10.600995063781738,-10.600995063781738,5.713003635406494,10.600996971130371,-10.600996971130371,86,1739,,,,,,,,,,,
,,16.51605224609375,,,,,87,1749,,,,,,,-10.146061897277832,6.369991302490234,-16.51605224609375,-16.51605224609375,5.897367477416992
-5.606074333190918,4.973601818084717,10.20812702178955,-10.20812702178955,5.453470706939697,10.20812702178955,-10.20812702178955,87,1759,,,,,,,,,,,
-5.606074333190918,4.987430572509766,10.304756164550781,-10.304756164550781,5.499001979827881,10.304756164550781,-10.304756164550781,88,1779,,,,,,,,,,,
,,16.645206451416016,,,,,89,1799,,,,,,,-10.336204528808594,6.308999538421631,-16.645206451416016,-16.645206451416016,9.288244247436523
-5.606074333190918,4.969597339630127,10.521117210388184,-10.521117210388184,5.4487385749816895,10.521116256713867,-10.521116256713867,89,1799,,,,,,,,,,,
-5.606074333190918,4.839801788330078,10.108070373535156,-10.108070373535156,5.34153938293457,10.108070373535156,-10.108070373535156,90,1819,,,,,,,,,,,
-5.606074333190918,4.977226257324219,10.023374557495117,-10.023374557495117,5.652063846588135,10.023372650146484,-10.023372650146484,91,1839,39.9590950012207,0.02807164192199707,-4.859124660491943,-0.7521439790725708,39.9590950012207,0.02807164192199707,,,,,
,,16.377717971801758,,,,,92,1849,,,,,,,-10.068085670471191,6.309630393981934,-16.377717971801758,-16.377717971801758,5.41633939743042
-5.606074333190918,4.745960235595703,10.2503080368042,-10.2503080368042,5.319189071655273,10.2503080368042,-10.2503080368042,92,1859,,,,,,,,,,,
-5.606074333190918,5.263424396514893,10.202960014343262,-10.202960014343262,5.710838317871094,10.202960014343262,-10.202960014343262,93,1879,,,,,,,,,,,
,,16.34248924255371,,,,,94,1899,,,,,,,-9.658605575561523,6.6838836669921875,-16.34248924255371,-16.34248924255371,8.453341484069824
-5.606074333190918,4.876709461212158,9.799776077270508,-9.799776077270508,5.379235744476318,9.799776077270508,-9.799776077270508,94,1899,,,,,,,,,,,
-5.606074333190918,4.811477184295654,10.240556716918945,-10.240556716918945,5.413266658782959,10.240556716918945,-10.240556716918945,95,1919,,,,,,,,,,,
-5.606074333190918,4.719638347625732,10.661813735961914,-10.661813735961914,5.23383092880249,10.66181468963623,-10.66181468963623,96,1939,,,,,,,,,,,
,,16.791702270507812,,,,,97,1949,,,,,,,-10.248788833618164,6.542913913726807,-16.791702270507812,-16.791702270507812,5.313893795013428
-5.606074333190918,4.6142578125,10.540776252746582,-10.540776252746582,5.147777080535889,10.540776252746582,-10.540776252746582,97,1959,,,,,,,,,,,
-5.606074333190918,4.746055603027344,10.286761283874512,-10.286761283874512,5.270257472991943,10.286761283874512,-10.286761283874512,98,1979,,,,,,,,,,,
,,17.15589141845703,,,,,99,1999,,,,,,,-10.625604629516602,6.530285835266113,-17.15589141845703,-17.15589141845703,8.680803298950195
-5.606074333190918,4.502487659454346,10.032934188842773,-10.032934188842773,5.009969711303711,10.032934188842773,-10.032934188842773,99,1999,,,,,,,,,,,
-5.606074333190918,4.741477966308594,10.60650634765625,-10.60650634765625,5.241782188415527,10.60650634765625,-10.60650634765625,100,2019,,,,,,,,,,,
-5.606074333190918,4.835891246795654,9.972015380859375,-9.972015380859375,5.384125232696533,9.972015380859375,-9.972015380859375,101,2039,157.30364990234375,0.024380922317504883,-4.879139423370361,-0.7321295738220215,157.30364990234375,0.024380922317504883,,,,,
,,16.505464553833008,,,,,102,2049,,,,,,,-9.991716384887695,6.513749122619629,-16.505464553833008,-16.505464553833008,7.024267673492432
-5.606074333190918,4.834842681884766,10.030198097229004,-10.030198097229004,5.371093273162842,10.030198097229004,-10.030198097229004,102,2059,,,,,,,,,,,
-5.606074333190918,4.618930816650391,10.108415603637695,-10.108415603637695,5.170240879058838,10.108415603637695,-10.108415603637695,103,2079,,,,,,,,,,,
,,15.916448593139648,,,,,104,2099,,,,,,,-9.525198936462402,6.3912506103515625,-15.916448593139648,-15.916448593139648,9.048949241638184
-5.606074333190918,5.264759540557861,9.636517524719238,-9.636517524719238,5.686683654785156,9.636517524719238,-9.636517524719238,104,2099,,,,,,,,,,,
-5.606074333190918,4.915904998779297,10.15377426147461,-10.15377426147461,5.413785457611084,10.15377426147461,-10.15377426147461,105,2119,,,,,,,,,,,
-5.606074333190918,5.114650726318359,10.039422988891602,-10.039422988891602,5.573953151702881,10.039422035217285,-10.039422035217285,106,2139,,,,,,,,,,,
,,16.38926124572754,,,,,107,2149,,,,,,,-9.987292289733887,6.401967525482178,-16.38926124572754,-16.38926124572754,5.806563377380371
-5.606074333190918,4.905033111572266,9.493026733398438,-9.493026733398438,5.4276251792907715,9.493026733398438,-9.493026733398438,107,2159,,,,,,,,,,,
-5.606074333190918,4.929829120635986,10.094481468200684,-10.094481468200684,5.42099142074585,10.094480514526367,-10.094480514526367,108,2179,,,,,,,,,,,
,,16.513212203979492,,,,,109,2199,,,,,,,-10.394394874572754,6.118817329406738,-16.513212203979492,-16.513212203979492,9.48239803314209
-5.606074333190918,4.914283752441406,10.19881534576416,-10.19881534576416,5.393412113189697,10.19881534576416,-10.19881534576416,109,2199,,,,,,,,,,,
-5.606074333190918,5.1136016845703125,9.869182586669922,-9.869182586669922,5.563474655151367,9.869182586669922,-9.869182586669922,110,2219,,,,,,,,,,,
-5.606074333190918,5.053806304931641,10.005544662475586,-10.005544662475586,5.522572040557861,10.00554370880127,-10.00554370880127,111,2239,40.37935256958008,0.027019858360290527,-4.877620697021484,-0.7336483001708984,40.37935256958008,0.027019858360290527,,,,,
,,16.411958694458008,,,,,112,2249,,,,,,,-9.989840507507324,6.422117233276367,-16.411958694458008,-16.411958694458008,5.594687461853027
-5.606074333190918,4.6785359382629395,9.948389053344727,-9.948389053344727,5.244381427764893,9.94839096069336,-9.94839096069336,112,2259,,,,,,,,,,,
-5.606074333190918,4.764652252197266,10.102350234985352,-10.102350234985352,5.290204048156738,10.102350234985352,-10.102350234985352,113,2279,,,,,,,,,,,
,,16.404983520507812,,,,,114,2299,,,,,,,-9.798850059509277,6.606135845184326,-16.404983520507812,-16.404983520507812,8.593149185180664
-5.606074333190918,4.710578918457031,10.006509780883789,-10.006509780883789,5.1876630783081055,10.006508827209473,-10.006508827209473,114,2299,,,,,,,,,,,
-5.606074333190918,4.896068572998047,10.327388763427734,-10.327388763427734,5.458240509033203,10.327387809753418,-10.327387809753418,115,2319,,,,,,,,,,,
-5.606074333190918,4.741287708282471,10.022473335266113,-10.022473335266113,5.312439918518066,10.02247428894043,-10.02247428894043,116,2339,,,,,,,,,,,
,,16.954437255859375,,,,,117,2349,,,,,,,-10.421980857849121,6.532454967498779,-16.954437255859375,-16.954437255859375,6.840796947479248
-5.606074333190918,5.18798828125,10.232264518737793,-10.232264518737793,6.004199504852295,10.232263565063477,-10.232263565063477,117,2359,,,,,,,,,,,
-5.606074333190918,4.640960693359375,9.860567092895508,-9.860567092895508,5.173043727874756,9.860567092895508,-9.860567092895508,118,2379,,,,,,,,,,,
,,16.228984832763672,,,,,119,2399,,,,,,,-9.90477180480957,6.324212551116943,-16.228984832763672,-16.228984832763672,8.795190811157227
-5.606074333190918,4.511356353759766,10.278884887695312,-10.278884887695312,5.035651683807373,10.278885841369629,-10.278885841369629,119,2399,,,,,,,,,,,
-5.606074333190918,4.899787425994873,10.038938522338867,-10.038938522338867,5.390061855316162,10.038938522338867,-10.038938522338867,120,2419,,,,,,,,,,,
-5.606074333190918,4.579925537109375,10.037369728088379,-10.037369728088379,5.089292526245117,10.037368774414062,-10.037368774414062,121,2439,141.7100372314453,0.02749001979827881,-4.867775917053223,-0.7434925436973572,141.7100372314453,0.02749001979827881,,,,,
,,16.533803939819336,,,,,122,2449,,,,,,,-10.239034652709961,6.294768333435059,-16.533803939819336,-16.533803939819336,5.8850274085998535
-5.606074333190918,4.779148101806641,9.998751640319824,-9.998751640319824,5.272143840789795,9.998750686645508,-9.998750686645508,122,2459,,,,,,,,,,,
-5.606074333190918,4.899787902832031,9.773489952087402,-9.773489952087402,5.426990509033203,9.773489952087402,-9.773489952087402,123,2479,,,,,,,,,,,
,,17.197139739990234,,,,,124,2499,,,,,,,-10.693721771240234,6.503417491912842,-17.197139739990234,-17.197139739990234,10.651262283325195
-5.606074333190918,4.627895355224609,10.846664428710938,-10.846664428710938,5.170660972595215,10.846664428710938,-10.846664428710938,124,2499,,,,,,,,,,,
-5.606074333190918,4.598903656005859,10.190739631652832,-10.190739631652832,5.142156600952148,10.190739631652832,-10.190739631652832,125,2519,,,,,,,,,,,
-5.606074333190918,4.724979400634766,10.037988662719727,-10.037988662719727,5.214605331420898,10.037989616394043,-10.037989616394043,126,2539,,,,,,,,,,,
,,16.520275115966797,,,,,127,2549,,,,,,,-9.898897171020508,6.6213788986206055,-16.520275115966797,-16.520275115966797,5.277106761932373
-5.606074333190918,4.656887054443359,9.709568977355957,-9.709568977355957,5.177754878997803,9.709568977355957,-9.709568977355957,127,2559,,,,,,,,,,,
-5.606074333190918,4.623222827911377,10.30797004699707,-10.30797004699707,5.144956588745117,10.307971000671387,-10.307971000671387,128,2579,,,,,,,,,,,
,,16.54258155822754,,,,,129,2599,,,,,,,-10.159399032592773,6.383182525634766,-16.54258155822754,-16.54258155822754,8.627333641052246
-5.606074333190918,5.0449371337890625,9.872286796569824,-9.872286796569824,5.456523895263672,9.87228775024414,-9.87228775024414,129,2599,,,,,,,,,,,
-5.606074333190918,4.7183990478515625,10.343345642089844,-10.343345642089844,5.257179260253906,10.343344688415527,-10.343344688415527,130,2619,,,,,,,,,,,
-5.606074333190918,5.080318927764893,9.705297470092773,-9.705297470092773,5.617317199707031,9.70529842376709,-9.70529842376709,131,2639,40.014739990234375,0.02743065357208252,-4.860055446624756,-0.7512133121490479,40.014739990234375,0.02743065357208252,,,,,
,,16.76838493347168,,,,,132,2649,,,,,,,-10.49537467956543,6.273011207580566,-16.76838493347168,-16.76838493347168,5.258480072021484
-5.606074333190918,4.682350158691406,10.150073051452637,-10.150073051452637,5.181976318359375,10.150073051452637,-10.150073051452637,132,2659,,,,,,,,,,,
-5.606074333190918,4.942893981933594,10.68585205078125,-10.68585205078125,5.397150039672852,10.685853004455566,-10.685853004455566,133,2679,,,,,,,,,,,
,,16.278839111328125,,,,,134,2699,,,,,,,-9.863734245300293,6.415107250213623,-16.278839111328125,-16.278839111328125,13.66743278503418
-5.606074333190918,5.242061614990234,9.980713844299316,-9.980713844299316,5.758176326751709,9.980713844299316,-9.980713844299316,134,2699,,,,,,,,,,,
-5.606074333190918,4.566287994384766,9.874436378479004,-9.874436378479004,5.1617751121521,9.874436378479004,-9.874436378479004,135,2719,,,,,,,,,,,
-5.606074333190918,4.637622833251953,10.444990158081055,-10.444990158081055,5.183684349060059,10.444992065429688,-10.444992065429688,136,2739,,,,,,,,,,,
,,16.489463806152344,,,,,137,2749,,,,,,,-10.062824249267578,6.426641464233398,-16.489463806152344,-16.489463806152344,5.2510294914245605
-5.606074333190918,4.936790466308594,9.77184009552002,-9.77184009552002,5.39827299118042,9.77184009552002,-9.77184009552002,137,2759,,,,,,,,,,,
-5.606074333190918,4.610920429229736,9.856805801391602,-9.856805801391602,5.122373104095459,9.856805801391602,-9.856805801391602,138,2779,,,,,,,,,,,
,,16.312522888183594,,,,,139,2799,,,,,,,-10.023046493530273,6.289475440979004,-16.312522888183594,-16.312522888183594,8.760567665100098
-5.606074333190918,4.6142578125,9.866033554077148,-9.866033554077148,5.113205432891846,9.866032600402832,-9.866032600402832,139,2799,,,,,,,,,,,
-5.606074333190918,4.847621917724609,10.258289337158203,-10.258289337158203,5.38493013381958,10.25829029083252,-10.25829029083252,140,2819,,,,,,,,,,,
-5.606074333190918,4.6344757080078125,10.78977108001709,-10.78977108001709,5.178373336791992,10.789770126342773,-10.789770126342773,141,2839,142.75033569335938,0.03331899642944336,-4.8229451179504395,-0.7883232831954956,142.75033569335938,0.03331899642944336,,,,,
,,16.568235397338867,,,,,142,2849,,,,,,,-9.97916030883789,6.589076995849609,-16.568235397338867,-16.568235397338867,5.870126247406006
-5.606074333190918,4.7351837158203125,10.699349403381348,-10.699349403381348,5.20002555847168,10.699349403381348,-10.699349403381348,142,2859,,,,,,,,,,,
-5.606074333190918,4.646492004394531,10.771286010742188,-10.771286010742188,5.156527042388916,10.771286964416504,-10.771286964416504,143,2879,,,,,,,,,,,
,,15.458198547363281,,,,,144,2899,,,,,,,-8.578405380249023,6.879794120788574,-15.458198547363281,-15.458198547363281,27.227928161621094
-5.606074333190918,4.645538330078125,10.117879867553711,-10.117879867553711,5.159875869750977,10.117880821228027,-10.117880821228027,144,2899,,,,,,,,,,,
-5.606074333190918,4.598808288574219,10.096198081970215,-10.096198081970215,5.125677108764648,10.096199035644531,-10.096199035644531,145,2919,,,,,,,,,,,
-5.606074333190918,4.7916412353515625,10.450448989868164,-10.450448989868164,5.282310485839844,10.45044994354248,-10.45044994354248,146,2939,,,,,,,,,,,
,,16.68398666381836,,,,,147,2949,,,,,,,-10.154224395751953,6.529763698577881,-16.68398666381836,-16.68398666381836,5.296664237976074
-5.606074333190918,4.444599151611328,10.47712230682373,-10.47712230682373,4.949011325836182,10.47712230682373,-10.47712230682373,147,2959,,,,,,,,,,,
-5.606074333190918,4.952525615692139,10.224227905273438,-10.224227905273438,5.419033527374268,10.224227905273438,-10.224227905273438,148,2979,,,,,,,,,,,
,,16.433900833129883,,,,,149,2999,,,,,,,-10.186389923095703,6.2475104331970215,-16.433900833129883,-16.433900833129883,9.697150230407715
-5.606074333190918,5.242347717285156,9.99700927734375,-9.99700927734375,5.689560413360596,9.99700927734375,-9.99700927734375,149,2999,,,,,,,,,,,
-5.606074333190918,5.2112579345703125,9.918769836425781,-9.918769836425781,5.734188556671143,9.918769836425781,-9.918769836425781,150,3019,,,,,,,,,,,
-5.606074333190918,4.994773864746094,10.055935859680176,-10.055935859680176,5.456165313720703,10.05593490600586,-10.05593490600586,151,3039,40.269691467285156,0.026064038276672363,-4.849916934967041,-0.7613519430160522,40.269691467285156,0.026064038276672363,,,,,
,,16.3572940826416,,,,,152,3049,,,,,,,-9.85118293762207,6.506111145019531,-16.3572940826416,-16.3572940826416,5.70504903793335
-5.606074333190918,4.921627521514893,10.560420036315918,-10.560420036315918,5.434254169464111,10.560419082641602,-10.560419082641602,152,3059,,,,,,,,,,,
-5.606074333190918,6.607723236083984,9.820640563964844,-9.820640563964844,7.061269760131836,9.820640563964844,-9.820640563964844,153,3079,,,,,,,,,,,
,,17.275644302368164,,,,,154,3099,,,,,,,-10.760615348815918,6.51502799987793,-17.275644302368164,-17.275644302368164,9.435940742492676
-5.606074333190918,5.090427875518799,10.371467590332031,-10.371467590332031,5.555320739746094,10.371467590332031,-10.371467590332031,154,3099,,,,,,,,,,,
-5.606074333190918,5.215263366699219,10.835153579711914,-10.835153579711914,5.8215203285217285,10.83515453338623,-10.83515453338623,155,3119,,,,,,,,,,,
-5.606074333190918,4.732608795166016,10.410411834716797,-10.410411834716797,5.273850440979004,10.410412788391113,-10.410412788391113,156,3139,,,,,,,,,,,
,,16.647537231445312,,,,,157,3149,,,,,,,-9.82554817199707,6.821988105773926,-16.647537231445312,-16.647537231445312,6.912974834442139
-5.606074333190918,5.1296234130859375,10.289231300354004,-10.289231300354004,5.613637924194336,10.28923225402832,-10.28923225402832,157,3159,,,,,,,,,,,
-5.606074333190918,5.042266845703125,10.22724437713623,-10.22724437713623,5.503555774688721,10.22724437713623,-10.22724437713623,158,3179,,,,,,,,,,,
,,16.518138885498047,,,,,159,3199,,,,,,,-10.190374374389648,6.32776403427124,-16.518138885498047,-16.518138885498047,9.945210456848145
-5.606074333190918,5.4937357902526855,10.180318832397461,-10.180318832397461,5.937748432159424,10.180318832397461,-10.180318832397461,159,3199,,,,,,,,,,,
-5.606074333190918,4.962635040283203,10.385764122009277,-10.385764122009277,5.466251373291016,10.38576602935791,-10.38576602935791,160,3219,,,,,,,,,,,
-5.606074333190918,4.883766174316406,10.239592552185059,-10.239592552185059,5.386353969573975,10.239592552185059,-10.239592552185059,161,3239,180.06982421875,0.026483893394470215,-4.847769737243652,-0.7634986042976379,180.06982421875,0.026483893394470215,,,,,
,,16.483436584472656,,,,,162,3249,,,,,,,-10.090421676635742,6.393012046813965,-16.483436584472656,-16.483436584472656,6.6752543449401855
-5.606074333190918,5.39703369140625,10.22942066192627,-10.22942066192627,5.82909631729126,10.22942066192627,-10.22942066192627,162,3259,,,,,,,,,,,
-5.606074333190918,4.920673370361328,10.153175354003906,-10.153175354003906,5.419531345367432,10.15317440032959,-10.15317440032959,163,3279,,,,,,,,,,,
,,17.70345115661621,,,,,164,3299,,,,,,,-11.000311851501465,6.703139305114746,-17.70345115661621,-17.70345115661621,9.37765121459961
-5.606074333190918,5.145549774169922,10.320796012878418,-10.320796012878418,5.5847601890563965,10.320796012878418,-10.320796012878418,164,3299,,,,,,,,,,,
-5.606074333190918,4.812335968017578,10.366843223571777,-10.366843223571777,5.46042013168335,10.366842269897461,-10.366842269897461,165,3319,,,,,,,,,,,
-5.606074333190918,4.885673522949219,10.109522819519043,-10.109522819519043,5.353039264678955,10.109521865844727,-10.109521865844727,166,3339,,,,,,,,,,,
,,16.924591064453125,,,,,167,3349,,,,,,,-10.333711624145508,6.590876579284668,-16.924591064453125,-16.924591064453125,6.356509208679199
-5.606074333190918,4.679298400878906,10.231016159057617,-10.231016159057617,5.218287944793701,10.231017112731934,-10.231017112731934,167,3359,,,,,,,,,,,
-5.606074333190918,4.631805419921875,9.919598579406738,-9.919598579406738,5.1876912117004395,9.919599533081055,-9.919599533081055,168,3379,,,,,,,,,,,
,,16.840805053710938,,,,,169,3399,,,,,,,-10.250709533691406,6.59009313583374,-16.840805053710938,-16.840805053710938,8.8280611038208
-5.606074333190918,4.648399353027344,10.346080780029297,-10.346080780029297,5.1960883140563965,10.346080780029297,-10.346080780029297,169,3399,,,,,,,,,,,
-5.606074333190918,4.675960540771484,10.158529281616211,-10.158529281616211,5.178249835968018,10.158529281616211,-10.158529281616211,170,3419,,,,,,,,,,,
-5.606074333190918,4.9274444580078125,10.149343490600586,-10.149343490600586,5.389684677124023,10.149344444274902,-10.149344444274902,171,3439,40.04035186767578,0.026659131050109863,-4.852039337158203,-0.7592296600341797,40.04035186767578,0.026659131050109863,,,,,
,,16.128637313842773,,,,,172,3449,,,,,,,-10.003555297851562,6.125083923339844,-16.128637313842773,-16.128637313842773,5.558365821838379
-5.606074333190918,4.477787017822266,9.699566841125488,-9.699566841125488,5.015305995941162,9.699566841125488,-9.699566841125488,172,3459,,,,,,,,,,,
-5.606074333190918,5.214500427246094,10.122828483581543,-10.122828483581543,5.700880527496338,10.12282943725586,-10.12282943725586,173,3479,,,,,,,,,,,
,,16.825090408325195,,,,,174,3499,,,,,,,-10.378957748413086,6.446132183074951,-16.825090408325195,-16.825090408325195,9.188319206237793
-5.606074333190918,4.885768890380859,10.035172462463379,-10.035172462463379,5.380715847015381,10.035171508789062,-10.035171508789062,174,3499,,,,,,,,,,,
-5.606074333190918,5.28717041015625,10.250940322875977,-10.250940322875977,5.810502529144287,10.25093936920166,-10.25093936920166,175,3519,,,,,,,,,,,
-5.606074333190918,5.172634601593018,9.786028861999512,-9.786028861999512,5.657577991485596,9.786029815673828,-9.786029815673828,176,3539,,,,,,,,,,,
,,16.332874298095703,,,,,177,3549,,,,,,,-9.844118118286133,6.4887542724609375,-16.332874298095703,-16.332874298095703,5.606096267700195
-5.606074333190918,4.5650482177734375,10.195194244384766,-10.195194244384766,5.060096263885498,10.195195198059082,-10.195195198059082,177,3559,,,,,,,,,,,
-5.606074333190918,4.581546783447266,10.305134773254395,-10.305134773254395,5.10603141784668,10.305133819580078,-10.305133819580078,178,3579,,,,,,,,,,,
,,17.834754943847656,,,,,179,3599,,,,,,,-11.202717781066895,6.632038116455078,-17.834754943847656,-17.834754943847656,9.39693546295166
-5.606074333190918,5.609035015106201,9.867124557495117,-9.867124557495117,5.982668399810791,9.867125511169434,-9.867125511169434,179,3599,,,,,,,,,,,
-5.606074333190918,5.108547210693359,10.002388954162598,-10.002388954162598,5.936210632324219,10.002388954162598,-10.002388954162598,180,3619,,,,,,,,,,,
-5.606074333190918,4.694939136505127,9.857598304748535,-9.857598304748535,5.238087177276611,9.857597351074219,-9.857597351074219,181,3639,142.9105224609375,0.025855064392089844,-4.8867692947387695,-0.7244994640350342,142.9105224609375,0.025855064392089844,,,,,
,,16.626022338867188,,,,,182,3649,,,,,,,-10.132204055786133,6.493818283081055,-16.626022338867188,-16.626022338867188,6.543938159942627
-5.606074333190918,6.298351287841797,10.086126327514648,-10.086126327514648,6.866859436035156,10.086126327514648,-10.086126327514648,182,3659,,,,,,,,,,,
-5.606074333190918,6.0466766357421875,10.427037239074707,-10.427037239074707,6.6321892738342285,10.427037239074707,-10.427037239074707,183,3679,,,,,,,,,,,
,,16.09259033203125,,,,,184,3699,,,,,,,-9.847532272338867,6.245057582855225,-16.09259033203125,-16.09259033203125,10.59516429901123
-5.606074333190918,6.099414825439453,9.907790184020996,-9.907790184020996,6.6888580322265625,9.90778923034668,-9.90778923034668,184,3699,,,,,,,,,,,
-5.606074333190918,5.020236968994141,9.929012298583984,-9.929012298583984,5.4827799797058105,9.929012298583984,-9.929012298583984,185,3719,,,,,,,,,,,
-5.606074333190918,4.8114776611328125,10.027623176574707,-10.027623176574707,5.424266815185547,10.027623176574707,-10.027623176574707,186,3739,,,,,,,,,,,
,,16.43221092224121,,,,,187,3749,,,,,,,-9.746942520141602,6.685267925262451,-16.43221092224121,-16.43221092224121,6.21168851852417
-5.606074333190918,4.985332012176514,10.196048736572266,-10.196048736572266,5.444552898406982,10.196049690246582,-10.196049690246582,187,3759,,,,,,,,,,,
-5.606074333190918,5.340099334716797,10.055549621582031,-10.055549621582031,5.775691986083984,10.055549621582031,-10.055549621582031,188,3779,,,,,,,,,,,
,,16.958534240722656,,,,,189,3799,,,,,,,-10.39278507232666,6.56574821472168,-16.958534240722656,-16.958534240722656,9.195769309997559
-5.606074333190918,5.072021484375,10.261554718017578,-10.261554718017578,5.535823822021484,10.261553764343262,-10.261553764343262,189,3799,,,,,,,,,,,
-5.606074333190918,4.609680652618408,10.008676528930664,-10.008676528930664,5.025702953338623,10.00867748260498,-10.00867748260498,190,3819,,,,,,,,,,,
-5.606074333190918,4.945659160614014,9.826766967773438,-9.826766967773438,5.434267044067383,9.826766967773438,-9.826766967773438,191,3839,40.490413665771484,0.02558004856109619,-4.870388507843018,-0.7408804893493652,40.490413665771484,0.02558004856109619,,,,,
,,16.829376220703125,,,,,192,3849,,,,,,,-10.529815673828125,6.299559593200684,-16.829376220703125,-16.829376220703125,5.841721057891846
-5.606074333190918,4.842090606689453,10.398903846740723,-10.398903846740723,5.242633819580078,10.398903846740723,-10.398903846740723,192,3859,,,,,,,,,,,
-5.606074333190918,5.010509490966797,9.90921688079834,-9.90921688079834,5.446086406707764,9.90921688079834,-9.90921688079834,193,3879,,,,,,,,,,,
,,17.034772872924805,,,,,194,3899,,,,,,,-10.75855541229248,6.276215076446533,-17.034772872924805,-17.034772872924805,9.08094310760498
-5.606074333190918,5.094814300537109,10.070429801940918,-10.070429801940918,5.55928373336792,10.070428848266602,-10.070428848266602,194,3899,,,,,,,,,,,
-5.606074333190918,5.038166046142578,9.919371604919434,-9.919371604919434,5.5750579833984375,9.919371604919434,-9.919371604919434,195,3919,,,,,,,,,,,
-5.606074333190918,5.532646656036377,10.377416610717773,-10.377416610717773,5.931896209716797,10.377416610717773,-10.377416610717773,196,3939,,,,,,,,,,,
,,16.530948638916016,,,,,197,3949,,,,,,,-9.958352088928223,6.572595596313477,-16.530948638916016,-16.530948638916016,6.5779314041137695
-5.606074333190918,5.338191986083984,9.92300033569336,-9.92300033569336,5.762648105621338,9.92300033569336,-9.92300033569336,197,3959,,,,,,,,,,,
-5.606074333190918,4.9869537353515625,9.591325759887695,-9.591325759887695,5.444301128387451,9.591324806213379,-9.591324806213379,198,3979,,,,,,,,,,,
,,16.49712562561035,,,,,199,3999,,,,,,,-10.022773742675781,6.4743523597717285,-16.49712562561035,-16.49712562561035,8.285922050476074
-5.606074333190918,4.755687713623047,9.926573753356934,-9.926573753356934,5.2302656173706055,9.926573753356934,-9.926573753356934,199,3999,,,,,,,,,,,
-5.606074333190918,4.946422576904297,10.25355339050293,-10.25355339050293,5.544496059417725,10.253554344177246,-10.253554344177246,200,4019,,,,,,,,,,,
-5.606074333190918,5.004596710205078,10.41407299041748,-10.41407299041748,5.476436138153076,10.41407299041748,-10.41407299041748,201,4039,141.73797607421875,0.029614806175231934,-4.851536750793457,-0.7597317099571228,141.73797607421875,0.029614806175231934,,,,,
,,16.658828735351562,,,,,202,4049,,,,,,,-10.146893501281738,6.511934280395508,-16.658828735351562,-16.658828735351562,6.544403553009033
-5.606074333190918,4.787349700927734,10.000085830688477,-10.000085830688477,5.283237934112549,10.000085830688477,-10.000085830688477,202,4059,,,,,,,,,,,
-5.606074333190918,4.675102233886719,9.624799728393555,-9.624799728393555,5.236774444580078,9.624799728393555,-9.624799728393555,203,4079,,,,,,,,,,,
,,17.245723724365234,,,,,204,4099,,,,,,,-10.90541934967041,6.340304851531982,-17.245723724365234,-17.245723724365234,9.573995590209961
-5.606074333190918,5.106163501739502,9.953723907470703,-9.953723907470703,5.577162265777588,9.953723907470703,-9.953723907470703,204,4099,,,,,,,,,,,
-5.606074333190918,5.181407928466797,9.824984550476074,-9.824984550476074,5.642521381378174,9.82498550415039,-9.82498550415039,205,4119,,,,,,,,,,,
-5.606074333190918,4.889392852783203,10.156538963317871,-10.156538963317871,5.400655746459961,10.156538009643555,-10.156538009643555,206,4139,,,,,,,,,,,
,,16.585966110229492,,,,,207,4149,,,,,,,-10.091081619262695,6.494884014129639,-16.585966110229492,-16.585966110229492,6.402609825134277
-5.606074333190918,4.693603038787842,10.449043273925781,-10.449043273925781,5.1957502365112305,10.449043273925781,-10.449043273925781,207,4159,,,,,,,,,,,
-5.606074333190918,4.673957824707031,9.84062385559082,-9.84062385559082,5.208834171295166,9.84062385559082,-9.84062385559082,208,4179,,,,,,,,,,,
,,16.34392547607422,,,,,209,4199,,,,,,,-9.934112548828125,6.409812927246094,-16.34392547607422,-16.34392547607422,8.664587020874023
-5.606074333190918,4.524421691894531,9.947738647460938,-9.947738647460938,4.937658786773682,9.947739601135254,-9.947739601135254,209,4199,,,,,,,,,,,
-5.606074333190918,4.765415191650391,10.16852855682373,-10.16852855682373,5.321762561798096,10.168527603149414,-10.168527603149414,210,4219,,,,,,,,,,,
-5.606074333190918,4.665470123291016,10.3184175491333,-10.3184175491333,5.164212703704834,10.3184175491333,-10.3184175491333,211,4239,40.04943084716797,0.03064107894897461,-4.858064651489258,-0.753204345703125,40.04943084716797,0.03064107894897461,,,,,
,,16.244003295898438,,,,,212,4249,,,,,,,-9.88014030456543,6.363860607147217,-16.244003295898438,-16.244003295898438,5.902256965637207
-5.606074333190918,4.971027851104736,10.111709594726562,-10.111709594726562,5.444304943084717,10.111708641052246,-10.111708641052246,212,4259,,,,,,,,,,,
-5.606074333190918,4.588031768798828,9.93094253540039,-9.93094253540039,4.9969868659973145,9.93094253540039,-9.93094253540039,213,4279,,,,,,,,,,,
,,16.564929962158203,,,,,214,4299,,,,,,,-10.189728736877441,6.375202178955078,-16.564929962158203,-16.564929962158203,9.55953311920166
-5.606074333190918,4.744910717010498,10.232355117797852,-10.232355117797852,5.303013801574707,10.232356071472168,-10.232356071472168,214,4299,,,,,,,,,,,
-5.606074333190918,4.675769805908203,9.80591106414795,-9.80591106414795,5.30243444442749,9.805909156799316,-9.805909156799316,215,4319,,,,,,,,,,,
-5.606074333190918,4.522228240966797,10.036026000976562,-10.036026000976562,5.048820495605469,10.036026954650879,-10.036026954650879,216,4339,,,,,,,,,,,
,,16.850658416748047,,,,,217,4349,,,,,,,-10.188729286193848,6.661927223205566,-16.850658416748047,-16.850658416748047,5.253823280334473
-5.606074333190918,4.625511169433594,9.988470077514648,-9.988470077514648,5.162140369415283,9.988469123840332,-9.988469123840332,217,4359,,,,,,,,,,,
-5.606074333190918,4.518413543701172,9.986936569213867,-9.986936569213867,5.042966365814209,9.986936569213867,-9.986936569213867,218,4379,,,,,,,,,,,
,,17.574621200561523,,,,,219,4399,,,,,,,-11.036015510559082,6.538607597351074,-17.574621200561523,-17.574621200561523,9.015202522277832
-5.606074333190918,4.701423645019531,10.085721969604492,-10.085721969604492,5.243659496307373,10.08572006225586,-10.08572006225586,219,4399,,,,,,,,,,,
-5.606074333190918,5.225849151611328,9.665038108825684,-9.665038108825684,5.565642833709717,9.665038108825684,-9.665038108825684,220,4419,,,,,,,,,,,
-5.606074333190918,4.831505298614502,9.933194160461426,-9.933194160461426,5.401770114898682,9.93319320678711,-9.93319320678711,221,4439,153.45355224609375,0.02545154094696045,-4.8711137771606445,-0.7401548624038696,153.45355224609375,0.02545154094696045,,,,,
,,16.269329071044922,,,,,222,4449,,,,,,,-9.737086296081543,6.532243251800537,-16.269329071044922,-16.269329071044922,6.801216125488281
-5.606074333190918,4.850005626678467,10.051774024963379,-10.051774024963379,5.3472900390625,10.051774024963379,-10.051774024963379,222,4459,,,,,,,,,,,
-5.606074333190918,4.5648579597473145,10.348389625549316,-10.348389625549316,5.121226787567139,10.348389625549316,-10.348389625549316,223,4479,,,,,,,,,,,
,,16.92435646057129,,,,,224,4499,,,,,,,-10.664345741271973,6.260008811950684,-16.92435646057129,-16.92435646057129,8.558087348937988
-5.606074333190918,4.5421600341796875,10.78166389465332,-10.78166389465332,5.063175201416016,10.78166389465332,-10.78166389465332,224,4499,,,,,,,,,,,
-5.606074333190918,4.5654296875,9.977438926696777,-9.977438926696777,5.131219387054443,9.977439880371094,-9.977439880371094,225,4519,,,,,,,,,,,
-5.606074333190918,4.788589000701904,9.745100975036621,-9.745100975036621,5.2926926612854,9.745100975036621,-9.745100975036621,226,4539,,,,,,,,,,,
,,15.835798263549805,,,,,227,4549,,,,,,,-9.247303009033203,6.58849573135376,-15.835798263549805,-15.835798263549805,5.193054676055908
-5.606074333190918,4.908561706542969,10.217019081115723,-10.217019081115723,5.362237453460693,10.217018127441406,-10.217018127441406,227,4559,,,,,,,,,,,
-5.606074333190918,4.980182647705078,9.867691993713379,-9.867691993713379,5.4443888664245605,9.867692947387695,-9.867692947387695,228,4579,,,,,,,,,,,
,,17.18489646911621,,,,,229,4599,,,,,,,-10.92386245727539,6.26103401184082,-17.18489646911621,-17.18489646911621,9.261072158813477
-5.606074333190918,5.066776275634766,9.89011287689209,-9.89011287689209,5.553850173950195,9.89011287689209,-9.89011287689209,229,4599,,,,,,,,,,,
-5.606074333190918,5.126380920410156,9.797666549682617,-9.797666549682617,5.617678165435791,9.797666549682617,-9.797666549682617,230,4619,,,,,,,,,,,
-5.606074333190918,5.03110933303833,10.067330360412598,-10.067330360412598,5.502038478851318,10.067331314086914,-10.067331314086914,231,4639,40.607994079589844,0.024977445602416992,-4.868213653564453,-0.7430548667907715,40.607994079589844,0.024977445602416992,,,,,
,,17.007923126220703,,,,,232,4649,,,,,,,-10.58300495147705,6.424917221069336,-17.007923126220703,-17.007923126220703,6.105751037597656
-5.606074333190918,4.8488616943359375,10.15811538696289,-10.15811538696289,5.333001613616943,10.15811538696289,-10.15811538696289,232,4659,,,,,,,,,,,
-5.606074333190918,5.056952953338623,9.968001365661621,-9.968001365661621,5.519338130950928,9.968001365661621,-9.968001365661621,233,4679,,,,,,,,,,,
,,16.571428298950195,,,,,234,4699,,,,,,,-10.023529052734375,6.547900199890137,-16.571428298950195,-16.571428298950195,12.207995414733887
-5.606074333190918,5.455589771270752,10.032526969909668,-10.032526969909668,6.088991641998291,10.032526969909668,-10.032526969909668,234,4699,,,,,,,,,,,
-5.606074333190918,4.623985290527344,9.594366073608398,-9.594366073608398,5.204996585845947,9.594366073608398,-9.594366073608398,235,4719,,,,,,,,,,,
-5.606074333190918,4.534912586212158,9.667924880981445,-9.667924880981445,5.061107158660889,9.667923927307129,-9.667923927307129,236,4739,,,,,,,,,,,
,,16.687345504760742,,,,,237,4749,,,,,,,-10.158676147460938,6.528669357299805,-16.687345504760742,-16.687345504760742,6.338115692138672
-5.606074333190918,4.564380645751953,10.045621871948242,-10.045621871948242,5.109347820281982,10.045621871948242,-10.045621871948242,237,4759,,,,,,,,,,,
-5.606074333190918,4.530239105224609,10.125351905822754,-10.125351905822754,5.030294895172119,10.125349998474121,-10.125349998474121,238,4779,,,,,,,,,,,
,,16.150733947753906,,,,,239,4799,,,,,,,-9.721333503723145,6.42940092086792,-16.150733947753906,-16.150733947753906,8.87320327758789
-5.606074333190918,4.594326019287109,10.422507286071777,-10.422507286071777,5.0923686027526855,10.422507286071777,-10.422507286071777,239,4799,,,,,,,,,,,
-5.606074333190918,5.1021575927734375,9.890398979187012,-9.890398979187012,5.57714319229126,9.890398979187012,-9.890398979187012,240,4819,,,,,,,,,,,
-5.606074333190918,4.943943023681641,10.17874813079834,-10.17874813079834,5.7644429206848145,10.178749084472656,-10.178749084472656,241,4839,166.59312438964844,0.024649500846862793,-4.868009567260742,-0.7432588338851929,166.59312438964844,0.024649500846862793,,,,,
,,16.547014236450195,,,,,242,4849,,,,,,,-10.172226905822754,6.374787330627441,-16.547014236450195,-16.547014236450195,6.299466133117676
-5.606074333190918,5.9564595222473145,10.069005012512207,-10.069005012512207,6.256661891937256,10.069005012512207,-10.069005012512207,242,4859,,,,,,,,,,,
-5.606074333190918,4.463291168212891,9.701761245727539,-9.701761245727539,4.988384246826172,9.701761245727539,-9.701761245727539,243,4879,,,,,,,,,,,
,,16.111474990844727,,,,,244,4899,,,,,,,-9.523144721984863,6.588329792022705,-16.111474990844727,-16.111474990844727,11.257389068603516
-5.606074333190918,4.949855327606201,10.301017761230469,-10.301017761230469,5.388967514038086,10.301016807556152,-10.301016807556152,244,4899,,,,,,,,,,,
-5.606074333190918,4.527568817138672,10.135967254638672,-10.135967254638672,5.056800365447998,10.135965347290039,-10.135965347290039,245,4919,,,,,,,,,,,
-5.606074333190918,5.348968505859375,10.298977851867676,-10.298977851867676,6.289697170257568,10.298978805541992,-10.298978805541992,246,4939,,,,,,,,,,,
,,16.571481704711914,,,,,247,4949,,,,,,,-9.850150108337402,6.72133207321167,-16.571481704711914,-16.571481704711914,6.166519641876221
-5.606074333190918,4.5177459716796875,10.079391479492188,-10.079391479492188,5.05921745300293,10.079392433166504,-10.079392433166504,247,4959,,,,,,,,,,,
-5.606074333190918,6.076526641845703,10.069718360900879,-10.069718360900879,7.8518524169921875,10.069718360900879,-10.069718360900879,248,4979,,,,,,,,,,,
,,16.82834243774414,,,,,249,4999,,,,,,,-10.417811393737793,6.410531044006348,-16.82834243774414,-16.82834243774414,8.79080867767334
-5.606074333190918,4.560375213623047,9.474740982055664,-9.474740982055664,5.0669989585876465,9.474740982055664,-9.474740982055664,249,4999,,,,,,,,,,,
-5.606074333190918,4.837131500244141,9.979745864868164,-9.979745864868164,5.348107814788818,9.979744911193848,-9.979744911193848,250,5019,,,,,,,,,,,
-5.606074333190918,5.014514923095703,10.429084777832031,-10.429084777832031,5.487355709075928,10.429085731506348,-10.429085731506348,251,5039,40.05921173095703,0.028937578201293945,-4.833889961242676,-0.777378499507904,40.05921173095703,0.028937578201293945,,,,,
,,16.793746948242188,,,,,252,5049,,,,,,,-10.425248146057129,6.368498802185059,-16.793746948242188,-16.793746948242188,5.707144737243652
-5.606074333190918,4.595851898193359,10.299223899841309,-10.299223899841309,5.13653039932251,10.299223899841309,-10.299223899841309,252,5059,,,,,,,,,,,
-5.606074333190918,4.730510711669922,10.29996109008789,-10.29996109008789,5.306026935577393,10.29996109008789,-10.29996109008789,253,5079,,,,,,,,,,,
,,16.857471466064453,,,,,254,5099,,,,,,,-10.502638816833496,6.354833126068115,-16.857471466064453,-16.857471466064453,8.983208656311035
-5.606074333190918,5.08880615234375,10.217613220214844,-10.217613220214844,5.420429229736328,10.217612266540527,-10.217612266540527,254,5099,,,,,,,,,,,
-5.606074333190918,5.023860931396484,9.921064376831055,-9.921064376831055,5.564792156219482,9.921064376831055,-9.921064376831055,255,5119,,,,,,,,,,,
-5.606074333190918,4.624843597412109,10.313558578491211,-10.313558578491211,5.183007717132568,10.313559532165527,-10.313559532165527,256,5139,,,,,,,,,,,
,,16.605934143066406,,,,,257,5149,,,,,,,-10.063213348388672,6.542717456817627,-16.605934143066406,-16.605934143066406,5.282461643218994
-5.606074333190918,4.883480072021484,10.37110710144043,-10.37110710144043,5.324834823608398,10.37110710144043,-10.37110710144043,257,5159,,,,,,,,,,,
-5.606074333190918,5.048274993896484,9.620763778686523,-9.620763778686523,5.490865230560303,9.62076473236084,-9.62076473236084,258,5179,,,,,,,,,,,
,,16.76968765258789,,,,,259,5199,,,,,,,-10.186875343322754,6.582812309265137,-16.76968765258789,-16.76968765258789,9.95266056060791
-5.606074333190918,5.196666240692139,10.21973705291748,-10.21973705291748,5.5296173095703125,10.21973705291748,-10.21973705291748,259,5199,,,,,,,,,,,
-5.606074333190918,5.834674835205078,10.058956146240234,-10.058956146240234,6.423125743865967,10.058956146240234,-10.058956146240234,260,5219,,,,,,,,,,,
-5.606074333190918,4.673862457275391,10.39991283416748,-10.39991283416748,5.18881893157959,10.39991283416748,-10.39991283416748,261,5239,146.88470458984375,0.031060457229614258,-4.869691371917725,-0.7415774464607239,146.88470458984375,0.031060457229614258,,,,,
,,15.477213859558105,,,,,262,5249,,,,,,,-9.178722381591797,6.298490524291992,-15.477213859558105,-15.477213859558105,6.1739702224731445
-5.606074333190918,4.839897155761719,10.379908561706543,-10.379908561706543,5.334742069244385,10.379908561706543,-10.379908561706543,262,5259,,,,,,,,,,,
-5.606074333190918,4.8946380615234375,9.768628120422363,-9.768628120422363,5.415433406829834,9.768628120422363,-9.768628120422363,263,5279,,,,,,,,,,,
,,16.091785430908203,,,,,264,5299,,,,,,,-9.599952697753906,6.491832256317139,-16.091785430908203,-16.091785430908203,8.813159942626953
-5.606074333190918,4.932594299316406,10.04650592803955,-10.04650592803955,5.413027286529541,10.04650592803955,-10.04650592803955,264,5299,,,,,,,,,,,
-5.606074333190918,4.821681976318359,9.690521240234375,-9.690521240234375,5.281123638153076,9.690519332885742,-9.690519332885742,265,5319,,,,,,,,,,,
-5.606074333190918,5.139064788818359,10.044251441955566,-10.044251441955566,5.57496452331543,10.04425048828125,-10.04425048828125,266,5339,,,,,,,,,,,
,,16.885324478149414,,,,,267,5349,,,,,,,-10.250432014465332,6.634891986846924,-16.885324478149414,-16.885324478149414,5.705282211303711
-5.606074333190918,5.024719715118408,9.976485252380371,-9.976485252380371,5.502829074859619,9.976484298706055,-9.976484298706055,267,5359,,,,,,,,,,,
-5.606074333190918,4.6192169189453125,10.241469383239746,-10.241469383239746,5.008517742156982,10.24146842956543,-10.24146842956543,268,5379,,,,,,,,,,,
,,17.123476028442383,,,,,269,5399,,,,,,,-10.694197654724121,6.429276943206787,-17.123476028442383,-17.123476028442383,9.174732208251953
-5.606074333190918,4.950523376464844,10.519107818603516,-10.519107818603516,5.4173054695129395,10.519107818603516,-10.519107818603516,269,5399,,,,,,,,,,,
-5.606074333190918,5.027102947235107,10.205582618713379,-10.205582618713379,5.523135662078857,10.205582618713379,-10.205582618713379,270,5419,,,,,,,,,,,
-5.606074333190918,5.050754070281982,10.19217300415039,-10.19217300415039,5.5248026847839355,10.192172050476074,-10.192172050476074,271,5439,40.3937873840332,0.027481913566589355,-4.878474712371826,-0.7327938675880432,40.3937873840332,0.027481913566589355,,,,,
,,16.817230224609375,,,,,272,5449,,,,,,,-10.013566017150879,6.8036651611328125,-16.817230224609375,-16.817230224609375,5.851034164428711
-5.606074333190918,4.844284534454346,10.040349960327148,-10.040349960327148,5.338705062866211,10.040350914001465,-10.040350914001465,272,5459,,,,,,,,,,,
-5.606074333190918,4.802036285400391,10.345623016357422,-10.345623016357422,5.295680999755859,10.345623016357422,-10.345623016357422,273,5479,,,,,,,,,,,
,,16.825485229492188,,,,,274,5499,,,,,,,-10.129716873168945,6.695766448974609,-16.825485229492188,-16.825485229492188,11.639559745788574
-5.606074333190918,4.93927001953125,9.866135597229004,-9.866135597229004,5.549871444702148,9.866137504577637,-9.866137504577637,274,5499,,,,,,,,,,,
-5.606074333190918,4.576492786407471,10.494881629943848,-10.494881629943848,5.144838333129883,10.494881629943848,-10.494881629943848,275,5519,,,,,,,,,,,
-5.606074333190918,6.014252185821533,10.426620483398438,-10.426620483398438,6.55502462387085,10.426620483398438,-10.426620483398438,276,5539,,,,,,,,,,,
,,16.96787452697754,,,,,277,5549,,,,,,,-10.49755859375,6.470315933227539,-16.96787452697754,-16.96787452697754,7.003778457641602
-5.606074333190918,6.170368671417236,10.330023765563965,-10.330023765563965,6.779600143432617,10.330023765563965,-10.330023765563965,277,5559,,,,,,,,,,,
-5.606074333190918,6.0520172119140625,10.426507949829102,-10.426507949829102,6.643803119659424,10.426507949829102,-10.426507949829102,278,5579,,,,,,,,,,,
,,16.128883361816406,,,,,279,5599,,,,,,,-9.656328201293945,6.472555637359619,-16.128883361816406,-16.128883361816406,9.769902229309082
-5.606074333190918,5.40771484375,9.914332389831543,-9.914332389831543,5.92519998550415,9.91433334350586,-9.91433334350586,279,5599,,,,,,,,,,,
-5.606074333190918,5.306720733642578,10.008513450622559,-10.008513450622559,5.699224472045898,10.008513450622559,-10.008513450622559,280,5619,,,,,,,,,,,
-5.606074333190918,5.518531799316406,10.279488563537598,-10.279488563537598,6.001239776611328,10.279489517211914,-10.279489517211914,281,5639,200.0352783203125,0.028728842735290527,-4.861797332763672,-0.7494716644287109,200.0352783203125,0.028728842735290527,,,,,
,,17.199527740478516,,,,,282,5649,,,,,,,-10.68472671508789,6.514800071716309,-17.199527740478516,-17.199527740478516,7.347203731536865
-5.606074333190918,5.644321441650391,10.028603553771973,-10.028603553771973,6.097126007080078,10.028603553771973,-10.028603553771973,282,5659,,,,,,,,,,,
-5.606074333190918,5.308628082275391,10.548661231994629,-10.548661231994629,5.789169788360596,10.548661231994629,-10.548661231994629,283,5679,,,,,,,,,,,
,,16.6121768951416,,,,,284,5699,,,,,,,-10.10584831237793,6.50632905960083,-16.6121768951416,-16.6121768951416,9.708106994628906
-5.606074333190918,5.546474456787109,10.237109184265137,-10.237109184265137,6.019069671630859,10.237109184265137,-10.237109184265137,284,5699,,,,,,,,,,,
-5.606074333190918,5.5194854736328125,10.361065864562988,-10.361065864562988,5.956051349639893,10.361065864562988,-10.361065864562988,285,5719,,,,,,,,,,,
-5.606074333190918,6.0619354248046875,10.023075103759766,-10.023075103759766,6.616419315338135,10.02307415008545,-10.02307415008545,286,5739,,,,,,,,,,,
,,17.098173141479492,,,,,287,5749,,,,,,,-10.646902084350586,6.451271057128906,-17.098173141479492,-17.098173141479492,7.612630844116211
-5.606074333190918,5.022144317626953,9.898351669311523,-9.898351669311523,5.475001811981201,9.898351669311523,-9.898351669311523,287,5759,,,,,,,,,,,
-5.606074333190918,4.663562297821045,10.36095142364502,-10.36095142364502,5.2204108238220215,10.36095142364502,-10.36095142364502,288,5779,,,,,,,,,,,
,,17.957958221435547,,,,,289,5799,,,,,,,-11.269720077514648,6.68823766708374,-17.957958221435547,-17.957958221435547,9.378966331481934
-5.606074333190918,5.071545124053955,10.447745323181152,-10.447745323181152,5.5273823738098145,10.447744369506836,-10.447744369506836,289,5799,,,,,,,,,,,
-5.606074333190918,4.973030090332031,10.21983528137207,-10.21983528137207,5.484925746917725,10.21983528137207,-10.21983528137207,290,5819,,,,,,,,,,,
-5.606074333190918,5.203724384307861,9.879682540893555,-9.879682540893555,5.583093166351318,9.879682540893555,-9.879682540893555,291,5839,40.52743148803711,0.0261763334274292,-4.8742756843566895,-0.7369927763938904,40.52743148803711,0.0261763334274292,,,,,
,,16.508352279663086,,,,,292,5849,,,,,,,-9.984220504760742,6.524132251739502,-16.508352279663086,-16.508352279663086,6.484798908233643
-5.606074333190918,4.709910869598389,10.256383895874023,-10.256383895874023,5.131039142608643,10.256383895874023,-10.256383895874023,292,5859,,,,,,,,,,,
-5.606074333190918,4.7809600830078125,10.332425117492676,-10.332425117492676,5.2230377197265625,10.332425117492676,-10.332425117492676,293,5879,,,,,,,,,,,
,,16.34593963623047,,,,,294,5899,,,,,,,-9.761731147766113,6.584209442138672,-16.34593963623047,-16.34593963623047,9.754124641418457
-5.606074333190918,5.617045879364014,10.18048095703125,-10.18048095703125,6.045268535614014,10.18048095703125,-10.18048095703125,294,5899,,,,,,,,,,,
-5.606074333190918,5.357170104980469,9.741402626037598,-9.741402626037598,5.967549800872803,9.741401672363281,-9.741401672363281,295,5919,,,,,,,,,,,
-5.606074333190918,5.3529744148254395,10.002360343933105,-10.002360343933105,5.815830230712891,10.002359390258789,-10.002359390258789,296,5939,,,,,,,,,,,
,,16.497512817382812,,,,,297,5949,,,,,,,-10.07781982421875,6.419693946838379,-16.497512817382812,-16.497512817382812,6.555812358856201
-5.606074333190918,5.521869659423828,10.030656814575195,-10.030656814575195,5.978126049041748,10.030656814575195,-10.030656814575195,297,5959,,,,,,,,,,,
-5.606074333190918,5.547428131103516,9.880605697631836,-9.880605697631836,6.013265132904053,9.880603790283203,-9.880603790283203,298,5979,,,,,,,,,,,
,,15.716782569885254,,,,,299,5999,,,,,,,-9.551562309265137,6.165219306945801,-15.716782569885254,-15.716782569885254,10.201159477233887
-5.606074333190918,5.3974151611328125,10.557100296020508,-10.557100296020508,5.93243408203125,10.557099342346191,-10.557099342346191,299,5999,,,,,,,,,,,
