log_prob_true,time_log_prob,loss,log_prob,val_log_prob_true,val_time_log_prob,val_loss,val_log_prob,epoch,step,time_sample_obs,mmd_obs,log_prob_p,kl_distance,val_time_sample_obs,val_mmd_obs,val_log_prob_p,val_kl_distance,log_px_z,kl_z,elbo,objective,time_forward
-13.53038215637207,6.9183349609375,25.436304092407227,-25.436304092407227,-13.530383110046387,7.57117223739624,25.436304092407227,-25.436304092407227,0,19,,,,,,,,,,,,,
-13.53038215637207,7.931613445281982,19.729665756225586,-19.729665756225586,-13.530383110046387,8.559308052062988,19.72966957092285,-19.72966957092285,1,39,42.329776763916016,0.029824018478393555,-12.128898620605469,-1.3636823892593384,42.329776763916016,0.029824018478393555,-12.128898620605469,-1.3636822700500488,,,,,
,,35.131229400634766,,,,,,2,49,,,,,,,,,-23.401731491088867,11.729497909545898,-35.131229400634766,-35.131229400634766,11.096242904663086
-13.53038215637207,7.371425628662109,18.79597282409668,-18.79597282409668,-13.530383110046387,7.996469974517822,18.795974731445312,-18.795974731445312,2,59,,,,,,,,,,,,,
-13.53038215637207,10.177229881286621,18.679914474487305,-18.679914474487305,-13.530383110046387,13.087013244628906,18.679912567138672,-18.679912567138672,3,79,,,,,,,,,,,,,
,,32.82691955566406,,,,,,4,99,,,,,,,,,-21.984853744506836,10.842063903808594,-32.82691955566406,-32.82691955566406,17.440933227539062
-13.53038215637207,8.273696899414062,18.531450271606445,-18.531450271606445,-13.530383110046387,8.845749855041504,18.531450271606445,-18.531450271606445,4,99,,,,,,,,,,,,,
-13.53038215637207,7.3894500732421875,19.28107452392578,-19.28107452392578,-13.530383110046387,8.022040367126465,19.28107452392578,-19.28107452392578,5,119,,,,,,,,,,,,,
-13.53038215637207,8.17718505859375,18.63868522644043,-18.63868522644043,-13.530383110046387,8.853047370910645,18.63868522644043,-18.63868522644043,6,139,,,,,,,,,,,,,
,,32.51958465576172,,,,,,7,149,,,,,,,,,-21.274084091186523,11.245502471923828,-32.51958465576172,-32.51958465576172,12.812670707702637
-13.53038215637207,7.81831693649292,18.630861282348633,-18.630861282348633,-13.530383110046387,8.793278694152832,18.630861282348633,-18.630861282348633,7,159,,,,,,,,,,,,,
-13.53038215637207,7.6793670654296875,19.680950164794922,-19.680950164794922,-13.530383110046387,8.416396141052246,19.680952072143555,-19.680952072143555,8,179,,,,,,,,,,,,,
,,31.0341796875,,,,,,9,199,,,,,,,,,-20.402782440185547,10.631401062011719,-31.0341796875,-31.0341796875,13.514476776123047
-13.53038215637207,7.673550128936768,19.32550048828125,-19.32550048828125,-13.530383110046387,8.369723320007324,19.32550048828125,-19.32550048828125,9,199,,,,,,,,,,,,,
-13.53038215637207,7.50608491897583,18.178556442260742,-18.178556442260742,-13.530383110046387,8.105761528015137,18.178556442260742,-18.178556442260742,10,219,,,,,,,,,,,,,
-13.53038215637207,7.71331787109375,19.505483627319336,-19.505483627319336,-13.530383110046387,8.266650199890137,19.505483627319336,-19.505483627319336,11,239,39.87900161743164,0.01795649528503418,-12.327825546264648,-1.1647547483444214,39.87900161743164,0.01795649528503418,-12.327825546264648,-1.1647547483444214,,,,,
,,30.00369644165039,,,,,,12,249,,,,,,,,,-19.447505950927734,10.55618667602539,-30.00369644165039,-30.00369644165039,9.126495361328125
-13.53038215637207,7.869148254394531,19.17499351501465,-19.17499351501465,-13.530383110046387,8.649608612060547,19.174991607666016,-19.174991607666016,12,259,,,,,,,,,,,,,
-13.53038215637207,7.955074310302734,19.47881317138672,-19.47881317138672,-13.530383110046387,8.603150367736816,19.478811264038086,-19.478811264038086,13,279,,,,,,,,,,,,,
,,31.624862670898438,,,,,,14,299,,,,,,,,,-20.835613250732422,10.789247512817383,-31.624862670898438,-31.624862670898438,13.349248886108398
-13.53038215637207,7.477283000946045,19.586788177490234,-19.586788177490234,-13.530383110046387,8.070733070373535,19.586788177490234,-19.586788177490234,14,299,,,,,,,,,,,,,
-13.53038215637207,7.50331974029541,18.919639587402344,-18.919639587402344,-13.530383110046387,8.095555305480957,18.919641494750977,-18.919641494750977,15,319,,,,,,,,,,,,,
-13.53038215637207,7.652569770812988,18.39620590209961,-18.39620590209961,-13.530383110046387,8.322792053222656,18.39620590209961,-18.39620590209961,16,339,,,,,,,,,,,,,
,,29.783214569091797,,,,,,17,349,,,,,,,,,-19.596681594848633,10.186530113220215,-29.783214569091797,-29.783214569091797,9.306706428527832
-13.53038215637207,7.451820373535156,20.048215866088867,-20.048215866088867,-13.530383110046387,8.053939819335938,20.0482177734375,-20.0482177734375,17,359,,,,,,,,,,,,,
-13.53038215637207,7.730865001678467,18.77007484436035,-18.77007484436035,-13.530383110046387,8.376296043395996,18.77007484436035,-18.77007484436035,18,379,,,,,,,,,,,,,
,,28.743791580200195,,,,,,19,399,,,,,,,,,-18.732830047607422,10.010966300964355,-28.743791580200195,-28.743791580200195,13.137126922607422
-13.53038215637207,7.704925060272217,19.748685836791992,-19.748685836791992,-13.530383110046387,8.285650253295898,19.748682022094727,-19.748682022094727,19,399,,,,,,,,,,,,,
-13.53038215637207,7.557010650634766,18.774377822875977,-18.774377822875977,-13.530383110046387,8.160660743713379,18.77437973022461,-18.77437973022461,20,419,,,,,,,,,,,,,
-13.53038215637207,7.534217834472656,19.328792572021484,-19.328792572021484,-13.530383110046387,8.108227729797363,19.32879066467285,-19.32879066467285,21,439,141.9344940185547,0.018056273460388184,-12.360621452331543,-1.131959080696106,141.9344940185547,0.018056273460388184,-12.360621452331543,-1.131959080696106,,,,,
,,30.205150604248047,,,,,,22,449,,,,,,,,,-20.183290481567383,10.021858215332031,-30.205150604248047,-30.205150604248047,9.17492389678955
-13.53038215637207,7.639408111572266,19.792444229125977,-19.792444229125977,-13.530383110046387,8.209939002990723,19.79244613647461,-19.79244613647461,22,459,,,,,,,,,,,,,
-13.53038215637207,7.525730133056641,20.31028938293457,-20.31028938293457,-13.530383110046387,8.127838134765625,20.310291290283203,-20.310291290283203,23,479,,,,,,,,,,,,,
,,32.61466598510742,,,,,,24,499,,,,,,,,,-21.916217803955078,10.698446273803711,-32.61466598510742,-32.61466598510742,13.252391815185547
-13.53038215637207,7.540034770965576,18.77375030517578,-18.77375030517578,-13.530383110046387,8.139578819274902,18.77375030517578,-18.77375030517578,24,499,,,,,,,,,,,,,
-13.53038215637207,8.072089195251465,17.131717681884766,-17.131717681884766,-13.530383110046387,8.78814697265625,17.1317195892334,-17.1317195892334,25,519,,,,,,,,,,,,,
-13.53038215637207,7.552909851074219,18.28300666809082,-18.28300666809082,-13.530383110046387,8.137877464294434,18.28300666809082,-18.28300666809082,26,539,,,,,,,,,,,,,
,,31.335824966430664,,,,,,27,549,,,,,,,,,-21.472822189331055,9.863007545471191,-31.335824966430664,-31.335824966430664,8.760252952575684
-13.53038215637207,7.518195629119873,19.343585968017578,-19.343585968017578,-13.530383110046387,8.108742713928223,19.34358787536621,-19.34358787536621,27,559,,,,,,,,,,,,,
-13.53038215637207,7.382011413574219,19.040061950683594,-19.040061950683594,-13.530383110046387,8.046040534973145,19.040063858032227,-19.040063858032227,28,579,,,,,,,,,,,,,
,,29.183490753173828,,,,,,29,599,,,,,,,,,-20.16786003112793,9.015633583068848,-29.183490753173828,-29.183490753173828,13.542963981628418
-13.53038215637207,7.5456624031066895,18.15940284729004,-18.15940284729004,-13.530383110046387,8.09613037109375,18.159404754638672,-18.159404754638672,29,599,,,,,,,,,,,,,
-13.53038215637207,7.547665119171143,19.421613693237305,-19.421613693237305,-13.530383110046387,8.0210542678833,19.421615600585938,-19.421615600585938,30,619,,,,,,,,,,,,,
-13.53038215637207,7.536888599395752,18.383983612060547,-18.383983612060547,-13.530383110046387,8.154400825500488,18.38398551940918,-18.38398551940918,31,639,39.449195861816406,0.019046783447265625,-12.422929763793945,-1.0696516036987305,39.449195861816406,0.019046783447265625,-12.422929763793945,-1.0696516036987305,,,,,
,,28.082860946655273,,,,,,32,649,,,,,,,,,-18.928558349609375,9.154303550720215,-28.082860946655273,-28.082860946655273,8.781673431396484
-13.53038215637207,7.409954071044922,20.607707977294922,-20.607707977294922,-13.530383110046387,8.018199920654297,20.60770606994629,-20.60770606994629,32,659,,,,,,,,,,,,,
-13.53038215637207,7.4512481689453125,17.65276336669922,-17.65276336669922,-13.530383110046387,7.988063812255859,17.65276527404785,-17.65276527404785,33,679,,,,,,,,,,,,,
,,30.677230834960938,,,,,,34,699,,,,,,,,,-21.31353759765625,9.363693237304688,-30.677230834960938,-30.677230834960938,13.239681243896484
-13.53038215637207,7.577991008758545,19.63694190979004,-19.63694190979004,-13.530383110046387,8.136680603027344,19.636943817138672,-19.636943817138672,34,699,,,,,,,,,,,,,
-13.53038215637207,7.487297534942627,18.382490158081055,-18.382490158081055,-13.530383110046387,8.13005256652832,18.382488250732422,-18.382488250732422,35,719,,,,,,,,,,,,,
-13.53038215637207,7.520961761474609,18.403156280517578,-18.403156280517578,-13.530383110046387,8.13161849975586,18.403154373168945,-18.403154373168945,36,739,,,,,,,,,,,,,
,,30.107595443725586,,,,,,37,749,,,,,,,,,-20.608774185180664,9.498825073242188,-30.107595443725586,-30.107595443725586,8.828704833984375
-13.53038215637207,7.358646392822266,19.284761428833008,-19.284761428833008,-13.530383110046387,7.963775634765625,19.284759521484375,-19.284759521484375,37,759,,,,,,,,,,,,,
-13.53038215637207,7.5206756591796875,18.443191528320312,-18.443191528320312,-13.530383110046387,8.151715278625488,18.44318962097168,-18.44318962097168,38,779,,,,,,,,,,,,,
,,31.395479202270508,,,,,,39,799,,,,,,,,,-22.376609802246094,9.018869400024414,-31.395479202270508,-31.395479202270508,13.518421173095703
-13.53038215637207,8.309746742248535,18.175128936767578,-18.175128936767578,-13.530383110046387,8.857014656066895,18.175128936767578,-18.175128936767578,39,799,,,,,,,,,,,,,
-13.53038215637207,7.897186756134033,19.22895050048828,-19.22895050048828,-13.530383110046387,8.598076820373535,19.22894859313965,-19.22894859313965,40,819,,,,,,,,,,,,,
-13.53038215637207,7.4232096672058105,18.77679443359375,-18.77679443359375,-13.530383110046387,8.029674530029297,18.77679443359375,-18.77679443359375,41,839,141.38128662109375,0.01780235767364502,-12.349981307983398,-1.1425989866256714,141.38128662109375,0.01780235767364502,-12.349981307983398,-1.1425989866256714,,,,,
,,32.11029815673828,,,,,,42,849,,,,,,,,,-22.391551971435547,9.718746185302734,-32.11029815673828,-32.11029815673828,9.391922950744629
-13.53038215637207,7.678318023681641,18.252918243408203,-18.252918243408203,-13.530383110046387,8.310059547424316,18.252918243408203,-18.252918243408203,42,859,,,,,,,,,,,,,
-13.53038215637207,7.521914958953857,19.047306060791016,-19.047306060791016,-13.530383110046387,8.086134910583496,19.047304153442383,-19.047304153442383,43,879,,,,,,,,,,,,,
,,29.271896362304688,,,,,,44,899,,,,,,,,,-19.999513626098633,9.272384643554688,-29.271896362304688,-29.271896362304688,13.11740493774414
-13.53038215637207,7.588576793670654,16.452701568603516,-16.452701568603516,-13.530383110046387,8.162286758422852,16.452701568603516,-16.452701568603516,44,899,,,,,,,,,,,,,
-13.53038215637207,7.581806182861328,18.29701042175293,-18.29701042175293,-13.530383110046387,8.241339683532715,18.297008514404297,-18.297008514404297,45,919,,,,,,,,,,,,,
-13.53038215637207,7.83357572555542,19.55669593811035,-19.55669593811035,-13.530383110046387,8.447802543640137,19.55669593811035,-19.55669593811035,46,939,,,,,,,,,,,,,
,,28.725208282470703,,,,,,47,949,,,,,,,,,-19.268444061279297,9.456764221191406,-28.725208282470703,-28.725208282470703,9.070615768432617
-13.53038215637207,7.419776916503906,18.012617111206055,-18.012617111206055,-13.530383110046387,7.973354339599609,18.012619018554688,-18.012619018554688,47,959,,,,,,,,,,,,,
-13.53038215637207,7.706642150878906,17.98590087890625,-17.98590087890625,-13.530383110046387,8.316609382629395,17.985902786254883,-17.985902786254883,48,979,,,,,,,,,,,,,
,,30.638269424438477,,,,,,49,999,,,,,,,,,-21.43067169189453,9.207602500915527,-30.638269424438477,-30.638269424438477,13.394828796386719
-13.53038215637207,7.640742778778076,17.801292419433594,-17.801292419433594,-13.530383110046387,8.253355979919434,17.80129051208496,-17.80129051208496,49,999,,,,,,,,,,,,,
-13.53038215637207,7.681084156036377,18.790836334228516,-18.790836334228516,-13.530383110046387,8.255640983581543,18.790836334228516,-18.790836334228516,50,1019,,,,,,,,,,,,,
-13.53038215637207,7.52229642868042,18.273273468017578,-18.273273468017578,-13.530383110046387,8.088705062866211,18.27327537536621,-18.27327537536621,51,1039,39.52859115600586,0.017333984375,-12.414362907409668,-1.0782161951065063,39.52859115600586,0.017333984375,-12.414363861083984,-1.0782161951065063,,,,,
,,29.48878288269043,,,,,,52,1049,,,,,,,,,-20.11301612854004,9.37576675415039,-29.48878288269043,-29.48878288269043,9.261770248413086
-13.53038215637207,7.406806945800781,17.903873443603516,-17.903873443603516,-13.530383110046387,7.976057529449463,17.903871536254883,-17.903871536254883,52,1059,,,,,,,,,,,,,
-13.53038215637207,7.638072490692139,17.486074447631836,-17.486074447631836,-13.530383110046387,8.198932647705078,17.486072540283203,-17.486072540283203,53,1079,,,,,,,,,,,,,
,,29.215492248535156,,,,,,54,1099,,,,,,,,,-20.266117095947266,8.94937801361084,-29.215492248535156,-29.215492248535156,12.900022506713867
-13.53038215637207,7.585239410400391,17.923437118530273,-17.923437118530273,-13.530383110046387,8.124213218688965,17.923437118530273,-17.923437118530273,54,1099,,,,,,,,,,,,,
-13.53038215637207,7.693004608154297,18.089414596557617,-18.089414596557617,-13.530383110046387,8.374653816223145,18.089414596557617,-18.089414596557617,55,1119,,,,,,,,,,,,,
-13.53038215637207,7.576370716094971,19.277189254760742,-19.277189254760742,-13.530383110046387,8.136638641357422,19.277191162109375,-19.277191162109375,56,1139,,,,,,,,,,,,,
,,29.812463760375977,,,,,,57,1149,,,,,,,,,-20.60284423828125,9.209619522094727,-29.812463760375977,-29.812463760375977,8.656410217285156
-13.53038215637207,7.539176940917969,19.75444984436035,-19.75444984436035,-13.530383110046387,8.086531639099121,19.75444793701172,-19.75444793701172,57,1159,,,,,,,,,,,,,
-13.53038215637207,7.5830464363098145,17.847532272338867,-17.847532272338867,-13.530383110046387,8.29391098022461,17.847532272338867,-17.847532272338867,58,1179,,,,,,,,,,,,,
,,28.900941848754883,,,,,,59,1199,,,,,,,,,-19.496294021606445,9.404642105102539,-28.900941848754883,-28.900941848754883,13.312872886657715
-13.53038215637207,7.437801361083984,18.315311431884766,-18.315311431884766,-13.530383110046387,8.006192207336426,18.315311431884766,-18.315311431884766,59,1199,,,,,,,,,,,,,
-13.53038215637207,7.605171203613281,17.83799934387207,-17.83799934387207,-13.530383110046387,8.143773078918457,17.83799934387207,-17.83799934387207,60,1219,,,,,,,,,,,,,
-13.53038215637207,7.440376281738281,18.30835723876953,-18.30835723876953,-13.530383110046387,7.977644443511963,18.3083553314209,-18.3083553314209,61,1239,141.5233154296875,0.0175858736038208,-12.409899711608887,-1.0826804637908936,141.5233154296875,0.0175858736038208,-12.409899711608887,-1.0826804637908936,,,,,
,,30.50282859802246,,,,,,62,1249,,,,,,,,,-20.792892456054688,9.709938049316406,-30.50282859802246,-30.50282859802246,9.199604034423828
-13.53038215637207,7.670879364013672,18.732126235961914,-18.732126235961914,-13.530383110046387,8.337398529052734,18.732126235961914,-18.732126235961914,62,1259,,,,,,,,,,,,,
-13.53038215637207,7.414246082305908,18.094892501831055,-18.094892501831055,-13.530383110046387,7.9496026039123535,18.094892501831055,-18.094892501831055,63,1279,,,,,,,,,,,,,
,,28.348787307739258,,,,,,64,1299,,,,,,,,,-19.143339157104492,9.205451011657715,-28.348787307739258,-28.348787307739258,13.236614227294922
-13.53038215637207,7.497119426727295,18.975805282592773,-18.975805282592773,-13.530383110046387,8.11516284942627,18.97580337524414,-18.97580337524414,64,1299,,,,,,,,,,,,,
-13.53038215637207,7.534026622772217,17.873849868774414,-17.873849868774414,-13.530383110046387,8.179081916809082,17.873849868774414,-17.873849868774414,65,1319,,,,,,,,,,,,,
-13.53038215637207,7.6604838371276855,18.4244384765625,-18.4244384765625,-13.530383110046387,8.193305015563965,18.424436569213867,-18.424436569213867,66,1339,,,,,,,,,,,,,
,,28.83321762084961,,,,,,67,1349,,,,,,,,,-19.450420379638672,9.382795333862305,-28.83321762084961,-28.83321762084961,8.856411933898926
-13.53038215637207,7.451724529266357,18.323209762573242,-18.323209762573242,-13.530383110046387,8.01388931274414,18.323209762573242,-18.323209762573242,67,1359,,,,,,,,,,,,,
-13.53038215637207,7.4554443359375,18.93783187866211,-18.93783187866211,-13.530383110046387,8.035282135009766,18.93783187866211,-18.93783187866211,68,1379,,,,,,,,,,,,,
,,28.58867835998535,,,,,,69,1399,,,,,,,,,-19.28233528137207,9.306343078613281,-28.58867835998535,-28.58867835998535,13.289644241333008
-13.53038215637207,7.647991180419922,19.108888626098633,-19.108888626098633,-13.530383110046387,8.154557228088379,19.108890533447266,-19.108890533447266,69,1399,,,,,,,,,,,,,
-13.53038215637207,7.587146282196045,18.367794036865234,-18.367794036865234,-13.530383110046387,8.149336814880371,18.367795944213867,-18.367795944213867,70,1419,,,,,,,,,,,,,
-13.53038215637207,7.5958251953125,19.384235382080078,-19.384235382080078,-13.530383110046387,8.269837379455566,19.384233474731445,-19.384233474731445,71,1439,39.26362991333008,0.020710110664367676,-12.292594909667969,-1.1999852657318115,39.26362991333008,0.020710110664367676,-12.292594909667969,-1.1999852657318115,,,,,
,,30.441646575927734,,,,,,72,1449,,,,,,,,,-20.730087280273438,9.71155834197998,-30.441646575927734,-30.441646575927734,8.522299766540527
-13.53038215637207,7.683182239532471,18.564191818237305,-18.564191818237305,-13.530383110046387,8.356053352355957,18.564189910888672,-18.564189910888672,72,1459,,,,,,,,,,,,,
-13.53038215637207,7.438564300537109,18.59136962890625,-18.59136962890625,-13.530383110046387,7.989723205566406,18.59136962890625,-18.59136962890625,73,1479,,,,,,,,,,,,,
,,30.61592674255371,,,,,,74,1499,,,,,,,,,-21.07697868347168,9.538949966430664,-30.61592674255371,-30.61592674255371,13.108638763427734
-13.53038215637207,7.485771656036377,18.331729888916016,-18.331729888916016,-13.530383110046387,8.092570304870605,18.331729888916016,-18.331729888916016,74,1499,,,,,,,,,,,,,
-13.53038215637207,7.869720458984375,18.149700164794922,-18.149700164794922,-13.530383110046387,8.664020538330078,18.149700164794922,-18.149700164794922,75,1519,,,,,,,,,,,,,
-13.53038215637207,7.543182373046875,18.95075035095215,-18.95075035095215,-13.530383110046387,8.160898208618164,18.95075035095215,-18.95075035095215,76,1539,,,,,,,,,,,,,
,,29.69022560119629,,,,,,77,1549,,,,,,,,,-20.358057022094727,9.332168579101562,-29.69022560119629,-29.69022560119629,8.748844146728516
-13.53038215637207,7.503699779510498,18.207073211669922,-18.207073211669922,-13.530383110046387,8.095276832580566,18.207073211669922,-18.207073211669922,77,1559,,,,,,,,,,,,,
-13.53038215637207,7.440853118896484,18.87456512451172,-18.87456512451172,-13.530383110046387,8.038336753845215,18.874563217163086,-18.874563217163086,78,1579,,,,,,,,,,,,,
,,29.167007446289062,,,,,,79,1599,,,,,,,,,-19.966405868530273,9.200603485107422,-29.167007446289062,-29.167007446289062,13.514914512634277
-13.53038215637207,7.453155517578125,18.961341857910156,-18.961341857910156,-13.530383110046387,7.9678120613098145,18.961341857910156,-18.961341857910156,79,1599,,,,,,,,,,,,,
-13.53038215637207,7.833385944366455,20.73188018798828,-20.73188018798828,-13.530383110046387,8.32939624786377,20.731882095336914,-20.731882095336914,80,1619,,,,,,,,,,,,,
-13.53038215637207,7.557392120361328,17.829893112182617,-17.829893112182617,-13.530383110046387,8.135042190551758,17.829893112182617,-17.829893112182617,81,1639,141.25648498535156,0.017087459564208984,-12.383529663085938,-1.109050989151001,141.25648498535156,0.017087459564208984,-12.383529663085938,-1.109050989151001,,,,,
,,29.333526611328125,,,,,,82,1649,,,,,,,,,-20.043121337890625,9.290401458740234,-29.333526611328125,-29.333526611328125,9.507872581481934
-13.53038215637207,7.685757160186768,18.150375366210938,-18.150375366210938,-13.530383110046387,8.327309608459473,18.150375366210938,-18.150375366210938,82,1659,,,,,,,,,,,,,
-13.53038215637207,7.350826263427734,18.231985092163086,-18.231985092163086,-13.530383110046387,7.938063144683838,18.23198699951172,-18.23198699951172,83,1679,,,,,,,,,,,,,
,,28.379104614257812,,,,,,84,1699,,,,,,,,,-18.932788848876953,9.446317672729492,-28.379104614257812,-28.379104614257812,13.068757057189941
-13.53038215637207,11.50255298614502,18.079370498657227,-18.079370498657227,-13.530383110046387,11.535962104797363,18.07937240600586,-18.07937240600586,84,1699,,,,,,,,,,,,,
-13.53038215637207,7.659626007080078,18.199440002441406,-18.199440002441406,-13.530383110046387,8.335311889648438,18.199438095092773,-18.199438095092773,85,1719,,,,,,,,,,,,,
-13.53038215637207,7.6019287109375,18.088945388793945,-18.088945388793945,-13.530383110046387,8.148205757141113,18.088943481445312,-18.088943481445312,86,1739,,,,,,,,,,,,,
,,30.25935935974121,,,,,,87,1749,,,,,,,,,-20.419193267822266,9.840167045593262,-30.25935935974121,-30.25935935974121,8.784001350402832
-13.53038215637207,7.547950744628906,18.401668548583984,-18.401668548583984,-13.530383110046387,8.190216064453125,18.401668548583984,-18.401668548583984,87,1759,,,,,,,,,,,,,
-13.53038215637207,7.534409046173096,18.36941146850586,-18.36941146850586,-13.530383110046387,8.184303283691406,18.36941146850586,-18.36941146850586,88,1779,,,,,,,,,,,,,
,,29.567514419555664,,,,,,89,1799,,,,,,,,,-20.160266876220703,9.407244682312012,-29.567514419555664,-29.567514419555664,13.32908821105957
-13.53038215637207,7.566356182098389,18.02735710144043,-18.02735710144043,-13.530383110046387,8.151569366455078,18.027359008789062,-18.027359008789062,89,1799,,,,,,,,,,,,,
-13.53038215637207,7.553196430206299,18.713363647460938,-18.713363647460938,-13.530383110046387,8.15529727935791,18.713363647460938,-18.713363647460938,90,1819,,,,,,,,,,,,,
-13.53038215637207,7.503509998321533,18.99911880493164,-18.99911880493164,-13.530383110046387,8.075478553771973,18.999122619628906,-18.999122619628906,91,1839,39.3609504699707,0.01880192756652832,-12.362404823303223,-1.130174994468689,39.3609504699707,0.01880192756652832,-12.362404823303223,-1.130174994468689,,,,,
,,31.100791931152344,,,,,,92,1849,,,,,,,,,-21.837806701660156,9.262979507446289,-31.100791931152344,-31.100791931152344,9.00449275970459
-13.53038215637207,7.342529296875,18.751609802246094,-18.751609802246094,-13.530383110046387,7.870418548583984,18.751605987548828,-18.751605987548828,92,1859,,,,,,,,,,,,,
-13.53038215637207,7.380485534667969,19.033706665039062,-19.033706665039062,-13.530383110046387,8.00256633758545,19.033708572387695,-19.033708572387695,93,1879,,,,,,,,,,,,,
,,30.163631439208984,,,,,,94,1899,,,,,,,,,-20.81583023071289,9.34780502319336,-30.163631439208984,-30.163631439208984,13.180953979492188
-13.53038215637207,7.609082221984863,19.138717651367188,-19.138717651367188,-13.530383110046387,8.212366104125977,19.138717651367188,-19.138717651367188,94,1899,,,,,,,,,,,,,
-13.53038215637207,7.811069488525391,17.826366424560547,-17.826366424560547,-13.530383110046387,8.688575744628906,17.826366424560547,-17.826366424560547,95,1919,,,,,,,,,,,,,
-13.53038215637207,7.5336456298828125,19.025175094604492,-19.025175094604492,-13.530383110046387,8.219038963317871,19.025175094604492,-19.025175094604492,96,1939,,,,,,,,,,,,,
,,29.74730110168457,,,,,,97,1949,,,,,,,,,-20.54185676574707,9.205445289611816,-29.74730110168457,-29.74730110168457,8.581206321716309
-13.53038215637207,7.349586486816406,18.083290100097656,-18.083290100097656,-13.530383110046387,7.987242221832275,18.083288192749023,-18.083288192749023,97,1959,,,,,,,,,,,,,
-13.53038215637207,7.565212726593018,18.660579681396484,-18.660579681396484,-13.530383110046387,8.110763549804688,18.66057777404785,-18.66057777404785,98,1979,,,,,,,,,,,,,
,,28.763078689575195,,,,,,99,1999,,,,,,,,,-19.50933265686035,9.253746032714844,-28.763078689575195,-28.763078689575195,12.825955390930176
-13.53038215637207,7.500267028808594,18.6193790435791,-18.6193790435791,-13.530383110046387,8.117035865783691,18.6193790435791,-18.6193790435791,99,1999,,,,,,,,,,,,,
-13.53038215637207,7.691288471221924,17.698486328125,-17.698486328125,-13.530383110046387,8.205113410949707,17.698488235473633,-17.698488235473633,100,2019,,,,,,,,,,,,,
-13.53038215637207,7.390499114990234,19.32413673400879,-19.32413673400879,-13.530383110046387,7.934206485748291,19.324142456054688,-19.324142456054688,101,2039,141.02505493164062,0.02005946636199951,-12.366708755493164,-1.125872015953064,141.02505493164062,0.02005946636199951,-12.366708755493164,-1.125872015953064,,,,,
,,28.18462562561035,,,,,,102,2049,,,,,,,,,-18.696720123291016,9.487902641296387,-28.18462562561035,-28.18462562561035,9.405194282531738
-13.53038215637207,7.649517059326172,18.073169708251953,-18.073169708251953,-13.530383110046387,8.265995979309082,18.07316780090332,-18.07316780090332,102,2059,,,,,,,,,,,,,
-13.53038215637207,7.440281391143799,19.563650131225586,-19.563650131225586,-13.530383110046387,7.933271884918213,19.563650131225586,-19.563650131225586,103,2079,,,,,,,,,,,,,
,,30.025747299194336,,,,,,104,2099,,,,,,,,,-20.223526000976562,9.802226066589355,-30.025747299194336,-30.025747299194336,13.430329322814941
-13.53038215637207,7.5208659172058105,18.444005966186523,-18.444005966186523,-13.530383110046387,8.1705322265625,18.44400405883789,-18.44400405883789,104,2099,,,,,,,,,,,,,
-13.53038215637207,7.474040985107422,18.224651336669922,-18.224651336669922,-13.530383110046387,8.02625560760498,18.224653244018555,-18.224653244018555,105,2119,,,,,,,,,,,,,
-13.53038215637207,7.619476795196533,18.809858322143555,-18.809858322143555,-13.530383110046387,8.152762413024902,18.809856414794922,-18.809856414794922,106,2139,,,,,,,,,,,,,
,,31.239627838134766,,,,,,107,2149,,,,,,,,,-21.861082077026367,9.378547668457031,-31.239627838134766,-31.239627838134766,8.638016700744629
-13.53038215637207,7.353115081787109,20.03594207763672,-20.03594207763672,-13.530383110046387,7.8877739906311035,20.03594207763672,-20.03594207763672,107,2159,,,,,,,,,,,,,
-13.53038215637207,7.442283630371094,18.921751022338867,-18.921751022338867,-13.530383110046387,8.130250930786133,18.921749114990234,-18.921749114990234,108,2179,,,,,,,,,,,,,
,,28.59356117248535,,,,,,109,2199,,,,,,,,,-19.402074813842773,9.191485404968262,-28.59356117248535,-28.59356117248535,12.656783103942871
-13.53038215637207,7.5229644775390625,18.964763641357422,-18.964763641357422,-13.530383110046387,8.245017051696777,18.964763641357422,-18.964763641357422,109,2199,,,,,,,,,,,,,
-13.53038215637207,7.852935791015625,19.473108291625977,-19.473108291625977,-13.530383110046387,8.155653953552246,19.47311019897461,-19.47311019897461,110,2219,,,,,,,,,,,,,
-13.53038215637207,7.647132873535156,17.504932403564453,-17.504932403564453,-13.530383110046387,8.1148681640625,17.504934310913086,-17.504934310913086,111,2239,50.46417999267578,0.016212821006774902,-12.52009391784668,-0.9724864959716797,50.46417999267578,0.016212821006774902,-12.52009391784668,-0.9724864959716797,,,,,
,,30.0782413482666,,,,,,112,2249,,,,,,,,,-20.76465606689453,9.313583374023438,-30.0782413482666,-30.0782413482666,8.53859806060791
-13.53038215637207,7.120513916015625,18.99609375,-18.99609375,-13.530383110046387,7.652223587036133,18.996089935302734,-18.996089935302734,112,2259,,,,,,,,,,,,,
-13.53038215637207,7.318115234375,17.75795555114746,-17.75795555114746,-13.530383110046387,7.82589864730835,17.75795555114746,-17.75795555114746,113,2279,,,,,,,,,,,,,
,,29.94646453857422,,,,,,114,2299,,,,,,,,,-20.471126556396484,9.475334167480469,-29.94646453857422,-29.94646453857422,13.429014205932617
-13.53038215637207,7.658672332763672,18.526533126831055,-18.526533126831055,-13.530383110046387,8.105303764343262,18.526533126831055,-18.526533126831055,114,2299,,,,,,,,,,,,,
-13.53038215637207,7.679843902587891,19.515737533569336,-19.515737533569336,-13.530383110046387,8.534346580505371,19.515737533569336,-19.515737533569336,115,2319,,,,,,,,,,,,,
-13.53038215637207,7.775784015655518,19.05827522277832,-19.05827522277832,-13.530383110046387,8.202278137207031,19.058277130126953,-19.058277130126953,116,2339,,,,,,,,,,,,,
,,28.82016372680664,,,,,,117,2349,,,,,,,,,-19.37421417236328,9.445951461791992,-28.82016372680664,-28.82016372680664,8.603791236877441
-13.53038215637207,7.546616077423096,17.8792781829834,-17.8792781829834,-13.530383110046387,8.077950477600098,17.87928009033203,-17.87928009033203,117,2359,,,,,,,,,,,,,
-13.53038215637207,7.738399982452393,18.38168716430664,-18.38168716430664,-13.530383110046387,8.190909385681152,18.381685256958008,-18.381685256958008,118,2379,,,,,,,,,,,,,
,,29.576248168945312,,,,,,119,2399,,,,,,,,,-20.095609664916992,9.480640411376953,-29.576248168945312,-29.576248168945312,13.215577125549316
-13.53038215637207,7.383537292480469,18.86829376220703,-18.86829376220703,-13.530383110046387,7.950344085693359,18.868295669555664,-18.868295669555664,119,2399,,,,,,,,,,,,,
-13.53038215637207,7.5565338134765625,18.538780212402344,-18.538780212402344,-13.530383110046387,8.192093849182129,18.538782119750977,-18.538782119750977,120,2419,,,,,,,,,,,,,
-13.53038215637207,7.521819591522217,19.344228744506836,-19.344228744506836,-13.530383110046387,8.22630786895752,19.344228744506836,-19.344228744506836,121,2439,141.3859405517578,0.021521925926208496,-12.281349182128906,-1.2112300395965576,141.3859405517578,0.021521925926208496,-12.281349182128906,-1.2112300395965576,,,,,
,,28.432344436645508,,,,,,122,2449,,,,,,,,,-19.13693618774414,9.295406341552734,-28.432344436645508,-28.432344436645508,9.06735610961914
-13.53038215637207,7.3307037353515625,18.777036666870117,-18.777036666870117,-13.530383110046387,7.825044631958008,18.777034759521484,-18.777034759521484,122,2459,,,,,,,,,,,,,
-13.53038215637207,7.322310924530029,17.661027908325195,-17.661027908325195,-13.530383110046387,7.893447399139404,17.66103172302246,-17.66103172302246,123,2479,,,,,,,,,,,,,
,,29.67459487915039,,,,,,124,2499,,,,,,,,,-20.608505249023438,9.066089630126953,-29.67459487915039,-29.67459487915039,13.010905265808105
-13.53038215637207,7.390880584716797,19.386655807495117,-19.386655807495117,-13.530383110046387,7.9332404136657715,19.38665771484375,-19.38665771484375,124,2499,,,,,,,,,,,,,
-13.53038215637207,7.454395771026611,18.12142562866211,-18.12142562866211,-13.530383110046387,8.047098159790039,18.12142562866211,-18.12142562866211,125,2519,,,,,,,,,,,,,
-13.53038215637207,7.545185565948486,18.642152786254883,-18.642152786254883,-13.530383110046387,8.185805320739746,18.642152786254883,-18.642152786254883,126,2539,,,,,,,,,,,,,
,,28.514606475830078,,,,,,127,2549,,,,,,,,,-19.071491241455078,9.443115234375,-28.514606475830078,-28.514606475830078,8.948845863342285
-13.53038215637207,7.228946208953857,18.76270294189453,-18.76270294189453,-13.530383110046387,7.7952704429626465,18.76270294189453,-18.76270294189453,127,2559,,,,,,,,,,,,,
-13.53038215637207,7.297611236572266,19.26647186279297,-19.26647186279297,-13.530383110046387,7.8358283042907715,19.266468048095703,-19.266468048095703,128,2579,,,,,,,,,,,,,
,,29.028549194335938,,,,,,129,2599,,,,,,,,,-19.54620361328125,9.482346534729004,-29.028549194335938,-29.028549194335938,13.060867309570312
-13.53038215637207,7.462978363037109,19.294883728027344,-19.294883728027344,-13.530383110046387,8.129511833190918,19.294883728027344,-19.294883728027344,129,2599,,,,,,,,,,,,,
-13.53038215637207,7.473945617675781,18.47492790222168,-18.47492790222168,-13.530383110046387,8.05927562713623,18.474929809570312,-18.474929809570312,130,2619,,,,,,,,,,,,,
-13.53038215637207,7.336426258087158,19.27235984802246,-19.27235984802246,-13.530383110046387,7.901397705078125,19.272361755371094,-19.272361755371094,131,2639,39.346981048583984,0.019226908683776855,-12.373005867004395,-1.119574785232544,39.346981048583984,0.019226908683776855,-12.373005867004395,-1.119574785232544,,,,,
,,29.49808692932129,,,,,,132,2649,,,,,,,,,-20.069856643676758,9.428228378295898,-29.49808692932129,-29.49808692932129,8.839415550231934
-13.53038215637207,7.4077606201171875,18.682634353637695,-18.682634353637695,-13.530383110046387,7.938529968261719,18.682634353637695,-18.682634353637695,132,2659,,,,,,,,,,,,,
-13.53038215637207,7.327842712402344,18.634363174438477,-18.634363174438477,-13.530383110046387,7.843930721282959,18.634363174438477,-18.634363174438477,133,2679,,,,,,,,,,,,,
,,31.023046493530273,,,,,,134,2699,,,,,,,,,-21.728544235229492,9.294500350952148,-31.023046493530273,-31.023046493530273,13.301477432250977
-13.53038215637207,7.3535919189453125,20.407962799072266,-20.407962799072266,-13.530383110046387,7.847304821014404,20.407960891723633,-20.407960891723633,134,2699,,,,,,,,,,,,,
-13.53038215637207,7.658672332763672,18.705642700195312,-18.705642700195312,-13.530383110046387,8.403973579406738,18.705642700195312,-18.705642700195312,135,2719,,,,,,,,,,,,,
-13.53038215637207,7.35960054397583,18.014251708984375,-18.014251708984375,-13.530383110046387,7.912203311920166,18.014249801635742,-18.014249801635742,136,2739,,,,,,,,,,,,,
,,29.74294090270996,,,,,,137,2749,,,,,,,,,-20.595252990722656,9.147687911987305,-29.74294090270996,-29.74294090270996,8.740694999694824
-13.53038215637207,7.2160725593566895,18.762462615966797,-18.762462615966797,-13.530383110046387,7.744229793548584,18.762460708618164,-18.762460708618164,137,2759,,,,,,,,,,,,,
-13.53038215637207,7.351780414581299,19.622827529907227,-19.622827529907227,-13.530383110046387,7.805267333984375,19.622825622558594,-19.622825622558594,138,2779,,,,,,,,,,,,,
,,28.243606567382812,,,,,,139,2799,,,,,,,,,-18.471736907958984,9.771868705749512,-28.243606567382812,-28.243606567382812,12.834720611572266
-13.53038215637207,7.3404316902160645,18.751693725585938,-18.751693725585938,-13.530383110046387,7.914577484130859,18.751691818237305,-18.751691818237305,139,2799,,,,,,,,,,,,,
-13.53038215637207,7.460212707519531,19.116931915283203,-19.116931915283203,-13.530383110046387,7.98524284362793,19.116931915283203,-19.116931915283203,140,2819,,,,,,,,,,,,,
-13.53038215637207,7.4018473625183105,20.114212036132812,-20.114212036132812,-13.530383110046387,8.011504173278809,20.11421012878418,-20.11421012878418,141,2839,140.64437866210938,0.021691083908081055,-12.280491828918457,-1.2120885848999023,140.64437866210938,0.021691083908081055,-12.280491828918457,-1.2120885848999023,,,,,
,,29.359167098999023,,,,,,142,2849,,,,,,,,,-19.896650314331055,9.462519645690918,-29.359167098999023,-29.359167098999023,9.129289627075195
-13.53038215637207,7.518673419952393,18.14496612548828,-18.14496612548828,-13.530383110046387,8.021424293518066,18.144968032836914,-18.144968032836914,142,2859,,,,,,,,,,,,,
-13.53038215637207,7.412528991699219,18.977275848388672,-18.977275848388672,-13.530383110046387,7.923160552978516,18.977275848388672,-18.977275848388672,143,2879,,,,,,,,,,,,,
,,29.59227752685547,,,,,,144,2899,,,,,,,,,-20.084091186523438,9.508187294006348,-29.59227752685547,-29.59227752685547,13.407539367675781
-13.53038215637207,7.473564147949219,18.13882064819336,-18.13882064819336,-13.530383110046387,8.106600761413574,18.13882064819336,-18.13882064819336,144,2899,,,,,,,,,,,,,
-13.53038215637207,7.571506023406982,19.019838333129883,-19.019838333129883,-13.530383110046387,8.270671844482422,19.019840240478516,-19.019840240478516,145,2919,,,,,,,,,,,,,
-13.53038215637207,7.859611511230469,17.79271697998047,-17.79271697998047,-13.530383110046387,8.616311073303223,17.792713165283203,-17.792713165283203,146,2939,,,,,,,,,,,,,
,,29.188894271850586,,,,,,147,2949,,,,,,,,,-20.135377883911133,9.053515434265137,-29.188894271850586,-29.188894271850586,8.724164009094238
-13.53038215637207,7.9532623291015625,18.607803344726562,-18.607803344726562,-13.530383110046387,8.464764595031738,18.607805252075195,-18.607805252075195,147,2959,,,,,,,,,,,,,
-13.53038215637207,7.457542419433594,18.319976806640625,-18.319976806640625,-13.530383110046387,8.119391441345215,18.319976806640625,-18.319976806640625,148,2979,,,,,,,,,,,,,
,,29.430206298828125,,,,,,149,2999,,,,,,,,,-20.087936401367188,9.342270851135254,-29.430206298828125,-29.430206298828125,13.185774803161621
-13.53038215637207,7.6389312744140625,18.850961685180664,-18.850961685180664,-13.530383110046387,8.35510540008545,18.850961685180664,-18.850961685180664,149,2999,,,,,,,,,,,,,
-13.53038215637207,7.408046245574951,19.302621841430664,-19.302621841430664,-13.530383110046387,7.864905834197998,19.302623748779297,-19.302623748779297,150,3019,,,,,,,,,,,,,
-13.53038215637207,7.421112060546875,17.230159759521484,-17.230159759521484,-13.530383110046387,7.970315456390381,17.230159759521484,-17.230159759521484,151,3039,39.330684661865234,0.016388893127441406,-12.436078071594238,-1.0565029382705688,39.330684661865234,0.016388893127441406,-12.436078071594238,-1.0565029382705688,,,,,
,,29.374080657958984,,,,,,152,3049,,,,,,,,,-20.188810348510742,9.185270309448242,-29.374080657958984,-29.374080657958984,8.615898132324219
-13.53038215637207,7.501411437988281,18.929439544677734,-18.929439544677734,-13.530383110046387,8.023975372314453,18.9294376373291,-18.9294376373291,152,3059,,,,,,,,,,,,,
-13.53038215637207,7.5458526611328125,19.622201919555664,-19.622201919555664,-13.530383110046387,8.259125709533691,19.622201919555664,-19.622201919555664,153,3079,,,,,,,,,,,,,
,,29.44366455078125,,,,,,154,3099,,,,,,,,,-20.164413452148438,9.279253005981445,-29.44366455078125,-29.44366455078125,13.58547592163086
-13.53038215637207,7.531547546386719,18.785051345825195,-18.785051345825195,-13.530383110046387,8.160269737243652,18.785057067871094,-18.785057067871094,154,3099,,,,,,,,,,,,,
-13.53038215637207,7.52105712890625,18.475753784179688,-18.475753784179688,-13.530383110046387,8.179133415222168,18.475753784179688,-18.475753784179688,155,3119,,,,,,,,,,,,,
-13.53038215637207,7.9641337394714355,19.407306671142578,-19.407306671142578,-13.530383110046387,8.569273948669434,19.40730857849121,-19.40730857849121,156,3139,,,,,,,,,,,,,
,,29.806209564208984,,,,,,157,3149,,,,,,,,,-20.451862335205078,9.354344367980957,-29.806209564208984,-29.806209564208984,8.816597938537598
-13.53038215637207,7.3566436767578125,19.334726333618164,-19.334726333618164,-13.530383110046387,7.922761917114258,19.334726333618164,-19.334726333618164,157,3159,,,,,,,,,,,,,
-13.53038215637207,7.709503650665283,17.661563873291016,-17.661563873291016,-13.530383110046387,8.442394256591797,17.661561965942383,-17.661561965942383,158,3179,,,,,,,,,,,,,
,,31.986909866333008,,,,,,159,3199,,,,,,,,,-22.29800796508789,9.688901901245117,-31.986909866333008,-31.986909866333008,13.340483665466309
-13.53038215637207,7.252597808837891,18.651042938232422,-18.651042938232422,-13.530383110046387,7.849285125732422,18.65104103088379,-18.65104103088379,159,3199,,,,,,,,,,,,,
-13.53038215637207,7.433891296386719,19.158723831176758,-19.158723831176758,-13.530383110046387,7.998394012451172,19.15872573852539,-19.15872573852539,160,3219,,,,,,,,,,,,,
-13.53038215637207,8.128166198730469,18.085647583007812,-18.085647583007812,-13.530383110046387,8.694415092468262,18.085647583007812,-18.085647583007812,161,3239,141.50608825683594,0.0181734561920166,-12.39991569519043,-1.092665195465088,141.50608825683594,0.0181734561920166,-12.39991569519043,-1.092665195465088,,,,,
,,28.796560287475586,,,,,,162,3249,,,,,,,,,-19.32571029663086,9.47085189819336,-28.796560287475586,-28.796560287475586,10.068062782287598
-13.53038215637207,7.587528705596924,18.64704704284668,-18.64704704284668,-13.530383110046387,8.173218727111816,18.64704704284668,-18.64704704284668,162,3259,,,,,,,,,,,,,
-13.53038215637207,7.357692241668701,17.454843521118164,-17.454843521118164,-13.530383110046387,7.852409839630127,17.454843521118164,-17.454843521118164,163,3279,,,,,,,,,,,,,
,,31.093704223632812,,,,,,164,3299,,,,,,,,,-21.630678176879883,9.463025093078613,-31.093704223632812,-31.093704223632812,13.225218772888184
-13.53038215637207,7.369995594024658,18.774486541748047,-18.774486541748047,-13.530383110046387,7.981065273284912,18.774486541748047,-18.774486541748047,164,3299,,,,,,,,,,,,,
-13.53038215637207,7.534409046173096,19.272249221801758,-19.272249221801758,-13.530383110046387,7.9725518226623535,19.272247314453125,-19.272247314453125,165,3319,,,,,,,,,,,,,
-13.53038215637207,7.647609710693359,18.47186851501465,-18.47186851501465,-13.530383110046387,8.183711051940918,18.471864700317383,-18.471864700317383,166,3339,,,,,,,,,,,,,
,,29.565244674682617,,,,,,167,3349,,,,,,,,,-20.152652740478516,9.412590026855469,-29.565244674682617,-29.565244674682617,8.743489265441895
-13.53038215637207,7.236289978027344,19.238109588623047,-19.238109588623047,-13.530383110046387,7.7023444175720215,19.238113403320312,-19.238113403320312,167,3359,,,,,,,,,,,,,
-13.53038215637207,7.320499897003174,18.959625244140625,-18.959625244140625,-13.530383110046387,7.804856777191162,18.959623336791992,-18.959623336791992,168,3379,,,,,,,,,,,,,
,,29.822580337524414,,,,,,169,3399,,,,,,,,,-20.571306228637695,9.251273155212402,-29.822580337524414,-29.822580337524414,13.049911499023438
-13.53038215637207,7.362270355224609,18.44595718383789,-18.44595718383789,-13.530383110046387,7.824510097503662,18.44595718383789,-18.44595718383789,169,3399,,,,,,,,,,,,,
-13.53038215637207,8.075237274169922,20.0203857421875,-20.0203857421875,-13.530383110046387,8.702903747558594,20.020383834838867,-20.020383834838867,170,3419,,,,,,,,,,,,,
-13.53038215637207,7.380485534667969,18.50958251953125,-18.50958251953125,-13.530383110046387,7.942655086517334,18.50958251953125,-18.50958251953125,171,3439,39.39308547973633,0.01857578754425049,-12.319013595581055,-1.1735665798187256,39.39308166503906,0.01857578754425049,-12.319013595581055,-1.1735665798187256,,,,,
,,31.968650817871094,,,,,,172,3449,,,,,,,,,-22.432357788085938,9.536291122436523,-31.968650817871094,-31.968650817871094,8.691102027893066
-13.53038215637207,7.546901702880859,18.174152374267578,-18.174152374267578,-13.530383110046387,8.186023712158203,18.174152374267578,-18.174152374267578,172,3459,,,,,,,,,,,,,
-13.53038215637207,7.465457916259766,19.58665657043457,-19.58665657043457,-13.530383110046387,8.099315643310547,19.586658477783203,-19.586658477783203,173,3479,,,,,,,,,,,,,
,,30.069177627563477,,,,,,174,3499,,,,,,,,,-20.510854721069336,9.558320045471191,-30.069177627563477,-30.069177627563477,13.471526145935059
-13.53038215637207,7.582855224609375,18.725664138793945,-18.725664138793945,-13.530383110046387,8.292675971984863,18.725662231445312,-18.725662231445312,174,3499,,,,,,,,,,,,,
-13.53038215637207,7.7562336921691895,18.346567153930664,-18.346567153930664,-13.530383110046387,8.538467407226562,18.34657096862793,-18.34657096862793,175,3519,,,,,,,,,,,,,
-13.53038215637207,8.080863952636719,19.194202423095703,-19.194202423095703,-13.530383110046387,8.837912559509277,19.194198608398438,-19.194198608398438,176,3539,,,,,,,,,,,,,
,,29.05022430419922,,,,,,177,3549,,,,,,,,,-19.631956100463867,9.418268203735352,-29.05022430419922,-29.05022430419922,8.609146118164062
-13.53038215637207,7.2788238525390625,18.179250717163086,-18.179250717163086,-13.530383110046387,7.973262786865234,18.179250717163086,-18.179250717163086,177,3559,,,,,,,,,,,,,
-13.53038215637207,7.501984119415283,19.02950096130371,-19.02950096130371,-13.530383110046387,8.237370491027832,19.02950096130371,-19.02950096130371,178,3579,,,,,,,,,,,,,
,,30.72455596923828,,,,,,179,3599,,,,,,,,,-21.108137130737305,9.616415977478027,-30.72455596923828,-30.72455596923828,13.963264465332031
-13.53038215637207,7.326507568359375,18.987693786621094,-18.987693786621094,-13.530383110046387,7.838620662689209,18.98769187927246,-18.98769187927246,179,3599,,,,,,,,,,,,,
-13.53038215637207,7.681751728057861,19.499677658081055,-19.499677658081055,-13.530383110046387,8.2824068069458,19.499675750732422,-19.499675750732422,180,3619,,,,,,,,,,,,,
-13.53038215637207,7.708644866943359,19.264677047729492,-19.264677047729492,-13.530383110046387,8.434820175170898,19.264677047729492,-19.264677047729492,181,3639,140.47674560546875,0.02138996124267578,-12.354944229125977,-1.137636661529541,140.47674560546875,0.02138996124267578,-12.354944229125977,-1.137636661529541,,,,,
,,28.38910675048828,,,,,,182,3649,,,,,,,,,-19.268909454345703,9.120197296142578,-28.38910675048828,-28.38910675048828,9.018694877624512
-13.53038215637207,7.539176940917969,18.853586196899414,-18.853586196899414,-13.530383110046387,8.131415367126465,18.85358428955078,-18.85358428955078,182,3659,,,,,,,,,,,,,
-13.53038215637207,7.537652015686035,17.6004638671875,-17.6004638671875,-13.530383110046387,8.084404945373535,17.6004638671875,-17.6004638671875,183,3679,,,,,,,,,,,,,
,,29.683990478515625,,,,,,184,3699,,,,,,,,,-20.54380226135254,9.140188217163086,-29.683990478515625,-29.683990478515625,13.150274276733398
-13.53038215637207,7.4901580810546875,19.672006607055664,-19.672006607055664,-13.530383110046387,8.095845222473145,19.672008514404297,-19.672008514404297,184,3699,,,,,,,,,,,,,
-13.53038215637207,7.315540313720703,18.009952545166016,-18.009952545166016,-13.530383110046387,7.918285369873047,18.009952545166016,-18.009952545166016,185,3719,,,,,,,,,,,,,
-13.53038215637207,7.451438903808594,18.8623046875,-18.8623046875,-13.530383110046387,7.9802632331848145,18.862306594848633,-18.862306594848633,186,3739,,,,,,,,,,,,,
,,29.52361297607422,,,,,,187,3749,,,,,,,,,-20.091205596923828,9.43240737915039,-29.52361297607422,-29.52361297607422,8.660834312438965
-13.53038215637207,7.385635852813721,19.84934425354004,-19.84934425354004,-13.530383110046387,8.013632774353027,19.849346160888672,-19.849346160888672,187,3759,,,,,,,,,,,,,
-13.53038215637207,7.329273223876953,18.55923843383789,-18.55923843383789,-13.530383110046387,7.907657623291016,18.559240341186523,-18.559240341186523,188,3779,,,,,,,,,,,,,
,,29.890811920166016,,,,,,189,3799,,,,,,,,,-20.030614852905273,9.860197067260742,-29.890811920166016,-29.890811920166016,13.818197250366211
-13.53038215637207,7.439899444580078,19.767271041870117,-19.767271041870117,-13.530383110046387,8.072132110595703,19.767271041870117,-19.767271041870117,189,3799,,,,,,,,,,,,,
-13.53038215637207,7.532023906707764,18.976823806762695,-18.976823806762695,-13.530383110046387,8.10654067993164,18.976825714111328,-18.976825714111328,190,3819,,,,,,,,,,,,,
-13.53038215637207,7.4747090339660645,18.47391700744629,-18.47391700744629,-13.530383110046387,8.057441711425781,18.47391700744629,-18.47391700744629,191,3839,39.467586517333984,0.019083380699157715,-12.304620742797852,-1.1879596710205078,39.467586517333984,0.019083380699157715,-12.304620742797852,-1.1879596710205078,,,,,
,,28.721256256103516,,,,,,192,3849,,,,,,,,,-19.666797637939453,9.054462432861328,-28.721256256103516,-28.721256256103516,8.824514389038086
-13.53038215637207,7.944011688232422,19.49724578857422,-19.49724578857422,-13.530383110046387,8.675862312316895,19.497243881225586,-19.497243881225586,192,3859,,,,,,,,,,,,,
-13.53038215637207,7.483386516571045,18.147642135620117,-18.147642135620117,-13.530383110046387,8.04211139678955,18.147640228271484,-18.147640228271484,193,3879,,,,,,,,,,,,,
,,30.9476318359375,,,,,,194,3899,,,,,,,,,-21.508962631225586,9.438663482666016,-30.9476318359375,-30.9476318359375,13.217768669128418
-13.53038215637207,7.634449005126953,18.507461547851562,-18.507461547851562,-13.530383110046387,8.306082725524902,18.507463455200195,-18.507463455200195,194,3899,,,,,,,,,,,,,
-13.53038215637207,7.543754577636719,18.830902099609375,-18.830902099609375,-13.530383110046387,8.185328483581543,18.830900192260742,-18.830900192260742,195,3919,,,,,,,,,,,,,
-13.53038215637207,7.627964496612549,18.145404815673828,-18.145404815673828,-13.530383110046387,8.261322021484375,18.145408630371094,-18.145408630371094,196,3939,,,,,,,,,,,,,
,,28.925437927246094,,,,,,197,3949,,,,,,,,,-19.48989486694336,9.435545921325684,-28.925437927246094,-28.925437927246094,8.729286193847656
-13.53038215637207,8.010482788085938,18.518898010253906,-18.518898010253906,-13.530383110046387,8.632430076599121,18.518898010253906,-18.518898010253906,197,3959,,,,,,,,,,,,,
-13.53038215637207,8.29305648803711,19.58354377746582,-19.58354377746582,-13.530383110046387,9.177756309509277,19.58354377746582,-19.58354377746582,198,3979,,,,,,,,,,,,,
,,30.142520904541016,,,,,,199,3999,,,,,,,,,-21.060771942138672,9.081748962402344,-30.142520904541016,-30.142520904541016,14.574212074279785
-13.53038215637207,8.067798614501953,19.437923431396484,-19.437923431396484,-13.530383110046387,8.692431449890137,19.437923431396484,-19.437923431396484,199,3999,,,,,,,,,,,,,
-13.53038215637207,7.516574859619141,18.575977325439453,-18.575977325439453,-13.530383110046387,8.043976783752441,18.575977325439453,-18.575977325439453,200,4019,,,,,,,,,,,,,
-13.53038215637207,7.447147369384766,18.904220581054688,-18.904220581054688,-13.530383110046387,8.003878593444824,18.90422248840332,-18.90422248840332,201,4039,140.98220825195312,0.019768953323364258,-12.304888725280762,-1.187691569328308,140.98220825195312,0.019768953323364258,-12.304888725280762,-1.187691569328308,,,,,
,,28.732805252075195,,,,,,202,4049,,,,,,,,,-19.418445587158203,9.314359664916992,-28.732805252075195,-28.732805252075195,9.34395980834961
-13.53038215637207,7.642268657684326,19.19363784790039,-19.19363784790039,-13.530383110046387,8.188990592956543,19.19363784790039,-19.19363784790039,202,4059,,,,,,,,,,,,,
-13.53038215637207,7.426643371582031,19.33584976196289,-19.33584976196289,-13.530383110046387,8.026379585266113,19.33584976196289,-19.33584976196289,203,4079,,,,,,,,,,,,,
,,29.47152328491211,,,,,,204,4099,,,,,,,,,-20.059179306030273,9.412345886230469,-29.47152328491211,-29.47152328491211,12.690529823303223
-13.53038215637207,7.39717435836792,18.36884117126465,-18.36884117126465,-13.530383110046387,7.9903178215026855,18.368839263916016,-18.368839263916016,204,4099,,,,,,,,,,,,,
-13.53038215637207,7.439422607421875,17.83715057373047,-17.83715057373047,-13.530383110046387,8.022931098937988,17.83715057373047,-17.83715057373047,205,4119,,,,,,,,,,,,,
-13.53038215637207,7.849693775177002,20.420381546020508,-20.420381546020508,-13.530383110046387,8.589186668395996,20.420381546020508,-20.420381546020508,206,4139,,,,,,,,,,,,,
,,29.699682235717773,,,,,,207,4149,,,,,,,,,-20.235122680664062,9.464557647705078,-29.699682235717773,-29.699682235717773,8.959555625915527
-13.53038215637207,7.335662841796875,18.6013240814209,-18.6013240814209,-13.530383110046387,7.8384108543396,18.601322174072266,-18.601322174072266,207,4159,,,,,,,,,,,,,
-13.53038215637207,7.515334606170654,19.033689498901367,-19.033689498901367,-13.530383110046387,8.19824504852295,19.03369140625,-19.03369140625,208,4179,,,,,,,,,,,,,
,,30.984691619873047,,,,,,209,4199,,,,,,,,,-21.910005569458008,9.074687004089355,-30.984691619873047,-30.984691619873047,12.945164680480957
-13.53038215637207,7.394790172576904,19.311004638671875,-19.311004638671875,-13.530383110046387,7.999574184417725,19.311004638671875,-19.311004638671875,209,4199,,,,,,,,,,,,,
-13.53038215637207,7.9082489013671875,19.07646369934082,-19.07646369934082,-13.530383110046387,8.489319801330566,19.076467514038086,-19.076467514038086,210,4219,,,,,,,,,,,,,
-13.53038215637207,7.455444812774658,19.756677627563477,-19.756677627563477,-13.530383110046387,8.189871788024902,19.756677627563477,-19.756677627563477,211,4239,39.27317428588867,0.019030332565307617,-12.262100219726562,-1.2304800748825073,39.27317428588867,0.019030332565307617,-12.262100219726562,-1.2304800748825073,,,,,
,,29.26325035095215,,,,,,212,4249,,,,,,,,,-20.004152297973633,9.259100914001465,-29.26325035095215,-29.26325035095215,8.309725761413574
-13.53038215637207,7.456016540527344,19.173250198364258,-19.173250198364258,-13.530383110046387,8.029364585876465,19.173250198364258,-19.173250198364258,212,4259,,,,,,,,,,,,,
-13.53038215637207,7.354450225830078,19.02972412109375,-19.02972412109375,-13.530383110046387,7.970968246459961,19.029722213745117,-19.029722213745117,213,4279,,,,,,,,,,,,,
,,28.635644912719727,,,,,,214,4299,,,,,,,,,-19.422882080078125,9.212762832641602,-28.635644912719727,-28.635644912719727,13.330403327941895
-13.53038215637207,7.470512390136719,19.077495574951172,-19.077495574951172,-13.530383110046387,8.056482315063477,19.07749366760254,-19.07749366760254,214,4299,,,,,,,,,,,,,
-13.53038215637207,7.557582855224609,18.819923400878906,-18.819923400878906,-13.530383110046387,8.33427906036377,18.819921493530273,-18.819921493530273,215,4319,,,,,,,,,,,,,
-13.53038215637207,7.428740978240967,18.485288619995117,-18.485288619995117,-13.530383110046387,8.010506629943848,18.485288619995117,-18.485288619995117,216,4339,,,,,,,,,,,,,
,,29.411056518554688,,,,,,217,4349,,,,,,,,,-19.780824661254883,9.630232810974121,-29.411056518554688,-29.411056518554688,8.63452434539795
-13.53038215637207,7.368946075439453,19.72705841064453,-19.72705841064453,-13.530383110046387,7.920693874359131,19.727060317993164,-19.727060317993164,217,4359,,,,,,,,,,,,,
-13.53038215637207,7.3133463859558105,18.215639114379883,-18.215639114379883,-13.530383110046387,8.030920028686523,18.215641021728516,-18.215641021728516,218,4379,,,,,,,,,,,,,
,,30.012672424316406,,,,,,219,4399,,,,,,,,,-20.57716178894043,9.435510635375977,-30.012672424316406,-30.012672424316406,13.133182525634766
-13.53038215637207,7.232856273651123,19.002178192138672,-19.002178192138672,-13.530383110046387,7.8343987464904785,19.002178192138672,-19.002178192138672,219,4399,,,,,,,,,,,,,
-13.53038215637207,7.568358898162842,17.725202560424805,-17.725202560424805,-13.530383110046387,8.172547340393066,17.725202560424805,-17.725202560424805,220,4419,,,,,,,,,,,,,
-13.53038215637207,7.5269694328308105,19.881696701049805,-19.881696701049805,-13.530383110046387,8.140141487121582,19.881696701049805,-19.881696701049805,221,4439,141.10305786132812,0.02175617218017578,-12.238545417785645,-1.2540366649627686,141.10305786132812,0.02175617218017578,-12.238544464111328,-1.2540366649627686,,,,,
,,30.159162521362305,,,,,,222,4449,,,,,,,,,-20.596572875976562,9.562590599060059,-30.159162521362305,-30.159162521362305,9.282258987426758
-13.53038215637207,7.533932209014893,18.214527130126953,-18.214527130126953,-13.530383110046387,8.212691307067871,18.214527130126953,-18.214527130126953,222,4459,,,,,,,,,,,,,
-13.53038215637207,7.445812702178955,18.4029541015625,-18.4029541015625,-13.530383110046387,8.08745288848877,18.402952194213867,-18.402952194213867,223,4479,,,,,,,,,,,,,
,,30.558366775512695,,,,,,224,4499,,,,,,,,,-21.121652603149414,9.436714172363281,-30.558366775512695,-30.558366775512695,13.298409461975098
-13.53038215637207,7.380390167236328,18.822629928588867,-18.822629928588867,-13.530383110046387,8.007301330566406,18.8226318359375,-18.8226318359375,224,4499,,,,,,,,,,,,,
-13.53038215637207,7.796668529510498,18.167884826660156,-18.167884826660156,-13.530383110046387,8.667820930480957,18.167884826660156,-18.167884826660156,225,4519,,,,,,,,,,,,,
-13.53038215637207,7.882404327392578,19.682086944580078,-19.682086944580078,-13.530383110046387,8.499127388000488,19.682085037231445,-19.682085037231445,226,4539,,,,,,,,,,,,,
,,29.35080337524414,,,,,,227,4549,,,,,,,,,-19.993282318115234,9.357519149780273,-29.35080337524414,-29.35080337524414,8.759321212768555
-13.53038215637207,7.444096088409424,18.719249725341797,-18.719249725341797,-13.530383110046387,7.981751918792725,18.719249725341797,-18.719249725341797,227,4559,,,,,,,,,,,,,
-13.53038215637207,7.284832000732422,18.58584213256836,-18.58584213256836,-13.530383110046387,7.810695648193359,18.585844039916992,-18.585844039916992,228,4579,,,,,,,,,,,,,
,,30.11768341064453,,,,,,229,4599,,,,,,,,,-20.658445358276367,9.459237098693848,-30.11768341064453,-30.11768341064453,13.3514404296875
-13.53038215637207,7.5695037841796875,19.342927932739258,-19.342927932739258,-13.530383110046387,8.149613380432129,19.342927932739258,-19.342927932739258,229,4599,,,,,,,,,,,,,
-13.53038215637207,7.401180267333984,19.398653030395508,-19.398653030395508,-13.530383110046387,7.916675567626953,19.398653030395508,-19.398653030395508,230,4619,,,,,,,,,,,,,
-13.53038215637207,7.503699779510498,18.365325927734375,-18.365325927734375,-13.530383110046387,8.052847862243652,18.365325927734375,-18.365325927734375,231,4639,39.48179244995117,0.018452882766723633,-12.394241333007812,-1.0983388423919678,39.48179244995117,0.018452882766723633,-12.394241333007812,-1.0983388423919678,,,,,
,,28.799489974975586,,,,,,232,4649,,,,,,,,,-19.21152687072754,9.587963104248047,-28.799489974975586,-28.799489974975586,8.704606056213379
-13.53038215637207,7.280635833740234,19.5568790435791,-19.5568790435791,-13.530383110046387,7.8529510498046875,19.556875228881836,-19.556875228881836,232,4659,,,,,,,,,,,,,
-13.53038215637207,7.731724262237549,18.36330223083496,-18.36330223083496,-13.530383110046387,8.264832496643066,18.36330223083496,-18.36330223083496,233,4679,,,,,,,,,,,,,
,,30.761032104492188,,,,,,234,4699,,,,,,,,,-21.2194881439209,9.541544914245605,-30.761032104492188,-30.761032104492188,13.295780181884766
-13.53038215637207,7.7272419929504395,19.321502685546875,-19.321502685546875,-13.530383110046387,8.327971458435059,19.321504592895508,-19.321504592895508,234,4699,,,,,,,,,,,,,
-13.53038215637207,7.50455904006958,19.087629318237305,-19.087629318237305,-13.530383110046387,8.17916202545166,19.087629318237305,-19.087629318237305,235,4719,,,,,,,,,,,,,
-13.53038215637207,7.370662689208984,19.302051544189453,-19.302051544189453,-13.530383110046387,7.878286361694336,19.302053451538086,-19.302053451538086,236,4739,,,,,,,,,,,,,
,,29.195716857910156,,,,,,237,4749,,,,,,,,,-19.832256317138672,9.3634614944458,-29.195716857910156,-29.195716857910156,8.718343734741211
-13.53038215637207,7.403564453125,19.36373519897461,-19.36373519897461,-13.530383110046387,7.996401309967041,19.363737106323242,-19.363737106323242,237,4759,,,,,,,,,,,,,
-13.53038215637207,7.483292102813721,19.694372177124023,-19.694372177124023,-13.530383110046387,8.02877426147461,19.694372177124023,-19.694372177124023,238,4779,,,,,,,,,,,,,
,,30.151809692382812,,,,,,239,4799,,,,,,,,,-20.56166648864746,9.590140342712402,-30.151809692382812,-30.151809692382812,13.224781036376953
-13.53038215637207,7.335853576660156,18.565452575683594,-18.565452575683594,-13.530383110046387,7.877950191497803,18.565452575683594,-18.565452575683594,239,4799,,,,,,,,,,,,,
-13.53038215637207,7.721710681915283,18.74067497253418,-18.74067497253418,-13.530383110046387,8.290274620056152,18.74067497253418,-18.74067497253418,240,4819,,,,,,,,,,,,,
-13.53038215637207,7.420825958251953,18.70705223083496,-18.70705223083496,-13.530383110046387,7.9907073974609375,18.70705223083496,-18.70705223083496,241,4839,141.29653930664062,0.02054429054260254,-12.3146333694458,-1.177946925163269,141.29653930664062,0.02054429054260254,-12.3146333694458,-1.177946925163269,,,,,
,,29.23027992248535,,,,,,242,4849,,,,,,,,,-19.75421905517578,9.476058959960938,-29.23027992248535,-29.23027992248535,9.344425201416016
-13.53038215637207,7.688045501708984,19.571474075317383,-19.571474075317383,-13.530383110046387,8.44506549835205,19.571470260620117,-19.571470260620117,242,4859,,,,,,,,,,,,,
-13.53038215637207,7.520580291748047,18.57402229309082,-18.57402229309082,-13.530383110046387,8.25181770324707,18.57402229309082,-18.57402229309082,243,4879,,,,,,,,,,,,,
,,29.149534225463867,,,,,,244,4899,,,,,,,,,-19.898008346557617,9.2515287399292,-29.149534225463867,-29.149534225463867,13.237051963806152
-13.53038215637207,7.8205108642578125,19.063369750976562,-19.063369750976562,-13.530383110046387,8.376177787780762,19.06336784362793,-19.06336784362793,244,4899,,,,,,,,,,,,,
-13.53038215637207,7.726955413818359,19.290945053100586,-19.290945053100586,-13.530383110046387,8.449034690856934,19.290943145751953,-19.290943145751953,245,4919,,,,,,,,,,,,,
-13.53038215637207,7.4676513671875,18.456298828125,-18.456298828125,-13.530383110046387,8.03676986694336,18.456300735473633,-18.456300735473633,246,4939,,,,,,,,,,,,,
,,28.960359573364258,,,,,,247,4949,,,,,,,,,-19.5987548828125,9.361604690551758,-28.960359573364258,-28.960359573364258,8.56095027923584
-13.53038215637207,7.279109954833984,19.844810485839844,-19.844810485839844,-13.530383110046387,7.844048976898193,19.84480857849121,-19.84480857849121,247,4959,,,,,,,,,,,,,
-13.53038215637207,7.535075664520264,19.210519790649414,-19.210519790649414,-13.530383110046387,8.240435600280762,19.210519790649414,-19.210519790649414,248,4979,,,,,,,,,,,,,
,,28.222820281982422,,,,,,249,4999,,,,,,,,,-19.015684127807617,9.207133293151855,-28.222820281982422,-28.222820281982422,13.102065086364746
-13.53038215637207,7.3986053466796875,18.928298950195312,-18.928298950195312,-13.530383110046387,8.064356803894043,18.92829704284668,-18.92829704284668,249,4999,,,,,,,,,,,,,
-13.53038215637207,8.021354675292969,18.829301834106445,-18.829301834106445,-13.530383110046387,8.74509048461914,18.829299926757812,-18.829299926757812,250,5019,,,,,,,,,,,,,
-13.53038215637207,7.388973236083984,19.442583084106445,-19.442583084106445,-13.530383110046387,8.010063171386719,19.442584991455078,-19.442584991455078,251,5039,39.38865280151367,0.020124435424804688,-12.329838752746582,-1.16274094581604,39.38865661621094,0.020124435424804688,-12.329837799072266,-1.16274094581604,,,,,
,,29.79971694946289,,,,,,252,5049,,,,,,,,,-20.233863830566406,9.565851211547852,-29.79971694946289,-29.79971694946289,8.734408378601074
-13.53038215637207,7.513999938964844,18.89348793029785,-18.89348793029785,-13.530383110046387,8.18979263305664,18.89348793029785,-18.89348793029785,252,5059,,,,,,,,,,,,,
-13.53038215637207,7.436752796173096,18.96927833557129,-18.96927833557129,-13.530383110046387,8.035195350646973,18.969280242919922,-18.969280242919922,253,5079,,,,,,,,,,,,,
,,30.381547927856445,,,,,,254,5099,,,,,,,,,-21.196924209594727,9.18462085723877,-30.381547927856445,-30.381547927856445,13.796283721923828
-13.53038215637207,7.942677021026611,18.910005569458008,-18.910005569458008,-13.530383110046387,8.607499122619629,18.910005569458008,-18.910005569458008,254,5099,,,,,,,,,,,,,
-13.53038215637207,7.483577728271484,19.44852638244629,-19.44852638244629,-13.530383110046387,8.164740562438965,19.448524475097656,-19.448524475097656,255,5119,,,,,,,,,,,,,
-13.53038215637207,7.344150543212891,18.952226638793945,-18.952226638793945,-13.530383110046387,7.949326992034912,18.952228546142578,-18.952228546142578,256,5139,,,,,,,,,,,,,
,,30.014421463012695,,,,,,257,5149,,,,,,,,,-20.96678924560547,9.047632217407227,-30.014421463012695,-30.014421463012695,8.684815406799316
-13.53038215637207,7.483195781707764,19.700647354125977,-19.700647354125977,-13.530383110046387,8.162760734558105,19.700647354125977,-19.700647354125977,257,5159,,,,,,,,,,,,,
-13.53038215637207,8.01401138305664,18.877552032470703,-18.877552032470703,-13.530383110046387,8.661917686462402,18.87755012512207,-18.87755012512207,258,5179,,,,,,,,,,,,,
,,29.369029998779297,,,,,,259,5199,,,,,,,,,-20.06441307067871,9.304617881774902,-29.369029998779297,-29.369029998779297,14.334040641784668
-13.53038215637207,7.928371429443359,18.81934928894043,-18.81934928894043,-13.530383110046387,8.5831880569458,18.81934928894043,-18.81934928894043,259,5199,,,,,,,,,,,,,
-13.53038215637207,7.937716960906982,19.09343147277832,-19.09343147277832,-13.530383110046387,8.639311790466309,19.093429565429688,-19.093429565429688,260,5219,,,,,,,,,,,,,
-13.53038215637207,7.638167858123779,18.993854522705078,-18.993854522705078,-13.530383110046387,8.241144180297852,18.99385643005371,-18.99385643005371,261,5239,142.38827514648438,0.020161032676696777,-12.302240371704102,-1.1903388500213623,142.38827514648438,0.020161032676696777,-12.302240371704102,-1.1903388500213623,,,,,
,,29.554855346679688,,,,,,262,5249,,,,,,,,,-20.393362045288086,9.161495208740234,-29.554855346679688,-29.554855346679688,9.204726219177246
-13.53038215637207,7.4489593505859375,20.121854782104492,-20.121854782104492,-13.530383110046387,7.9644951820373535,20.121854782104492,-20.121854782104492,262,5259,,,,,,,,,,,,,
-13.53038215637207,7.453060150146484,17.754613876342773,-17.754613876342773,-13.530383110046387,8.006136894226074,17.754615783691406,-17.754615783691406,263,5279,,,,,,,,,,,,,
,,29.702917098999023,,,,,,264,5299,,,,,,,,,-20.66058349609375,9.042335510253906,-29.702917098999023,-29.702917098999023,13.304107666015625
-13.53038215637207,7.540035724639893,18.740507125854492,-18.740507125854492,-13.530383110046387,8.166586875915527,18.740507125854492,-18.740507125854492,264,5299,,,,,,,,,,,,,
-13.53038215637207,7.549190998077393,18.562206268310547,-18.562206268310547,-13.530383110046387,8.060402870178223,18.562206268310547,-18.562206268310547,265,5319,,,,,,,,,,,,,
-13.53038215637207,7.808780193328857,18.056406021118164,-18.056406021118164,-13.530383110046387,8.437641143798828,18.056406021118164,-18.056406021118164,266,5339,,,,,,,,,,,,,
,,29.262941360473633,,,,,,267,5349,,,,,,,,,-20.130386352539062,9.132553100585938,-29.262941360473633,-29.262941360473633,8.790753364562988
-13.53038215637207,7.820606231689453,19.711673736572266,-19.711673736572266,-13.530383110046387,8.573470115661621,19.7116756439209,-19.7116756439209,267,5359,,,,,,,,,,,,,
-13.53038215637207,7.533836841583252,19.815563201904297,-19.815563201904297,-13.530383110046387,8.20593547821045,19.815563201904297,-19.815563201904297,268,5379,,,,,,,,,,,,,
,,29.551345825195312,,,,,,269,5399,,,,,,,,,-20.587753295898438,8.963591575622559,-29.551345825195312,-29.551345825195312,13.184021949768066
-13.53038215637207,7.425212383270264,18.65521812438965,-18.65521812438965,-13.530383110046387,7.975813388824463,18.65521812438965,-18.65521812438965,269,5399,,,,,,,,,,,,,
-13.53038215637207,7.837962627410889,18.87774658203125,-18.87774658203125,-13.530383110046387,8.546542167663574,18.87774658203125,-18.87774658203125,270,5419,,,,,,,,,,,,,
-13.53038215637207,7.482814788818359,18.58423614501953,-18.58423614501953,-13.530383110046387,8.023082733154297,18.5842342376709,-18.5842342376709,271,5439,39.85548782348633,0.017827272415161133,-12.409235954284668,-1.083342432975769,39.85548400878906,0.017827272415161133,-12.409235954284668,-1.083342432975769,,,,,
,,29.419282913208008,,,,,,272,5449,,,,,,,,,-20.24535369873047,9.173931121826172,-29.419282913208008,-29.419282913208008,8.752103805541992
-13.53038215637207,7.523155212402344,18.95221519470215,-18.95221519470215,-13.530383110046387,8.20127010345459,18.95221519470215,-18.95221519470215,272,5459,,,,,,,,,,,,,
-13.53038215637207,7.60068941116333,18.536672592163086,-18.536672592163086,-13.530383110046387,8.17253589630127,18.536672592163086,-18.536672592163086,273,5479,,,,,,,,,,,,,
,,29.961570739746094,,,,,,274,5499,,,,,,,,,-20.651931762695312,9.309638023376465,-29.961570739746094,-29.961570739746094,13.833098411560059
-13.53038215637207,7.733250141143799,19.029705047607422,-19.029705047607422,-13.530383110046387,8.319896697998047,19.029705047607422,-19.029705047607422,274,5499,,,,,,,,,,,,,
-13.53038215637207,7.531070709228516,19.104454040527344,-19.104454040527344,-13.530383110046387,8.255443572998047,19.104454040527344,-19.104454040527344,275,5519,,,,,,,,,,,,,
-13.53038215637207,7.448863983154297,18.7918701171875,-18.7918701171875,-13.530383110046387,8.05477523803711,18.791868209838867,-18.791868209838867,276,5539,,,,,,,,,,,,,
,,28.831396102905273,,,,,,277,5549,,,,,,,,,-19.737945556640625,9.093448638916016,-28.831396102905273,-28.831396102905273,9.36887264251709
-13.53038215637207,7.385921478271484,18.567541122436523,-18.567541122436523,-13.530383110046387,7.977132797241211,18.567541122436523,-18.567541122436523,277,5559,,,,,,,,,,,,,
-13.53038215637207,7.918548107147217,18.722591400146484,-18.722591400146484,-13.530383110046387,8.462836265563965,18.722593307495117,-18.722593307495117,278,5579,,,,,,,,,,,,,
,,29.660146713256836,,,,,,279,5599,,,,,,,,,-20.482072830200195,9.17807388305664,-29.660146713256836,-29.660146713256836,15.804872512817383
-13.53038215637207,8.341026306152344,19.21400260925293,-19.21400260925293,-13.530383110046387,9.178587913513184,19.214000701904297,-19.214000701904297,279,5599,,,,,,,,,,,,,
-13.53038215637207,8.706474304199219,18.56647491455078,-18.56647491455078,-13.530383110046387,9.543365478515625,18.56647300720215,-18.56647300720215,280,5619,,,,,,,,,,,,,
-13.53038215637207,7.9936981201171875,17.571449279785156,-17.571449279785156,-13.530383110046387,8.608261108398438,17.57145118713379,-17.57145118713379,281,5639,207.57247924804688,0.016878843307495117,-12.45287036895752,-1.0397104024887085,207.57247924804688,0.016878843307495117,-12.452869415283203,-1.0397104024887085,,,,,
,,29.15736961364746,,,,,,282,5649,,,,,,,,,-19.929059982299805,9.228310585021973,-29.15736961364746,-29.15736961364746,9.173993110656738
-13.53038215637207,7.754325866699219,18.91276741027832,-18.91276741027832,-13.530383110046387,8.4232816696167,18.912769317626953,-18.912769317626953,282,5659,,,,,,,,,,,,,
-13.53038215637207,7.409858703613281,19.050630569458008,-19.050630569458008,-13.530383110046387,8.012523651123047,19.050630569458008,-19.050630569458008,283,5679,,,,,,,,,,,,,
,,32.28238296508789,,,,,,284,5699,,,,,,,,,-22.68439483642578,9.597989082336426,-32.28238296508789,-32.28238296508789,13.056485176086426
-13.53038215637207,7.931042194366455,18.38947296142578,-18.38947296142578,-13.530383110046387,8.626708984375,18.38947105407715,-18.38947105407715,284,5699,,,,,,,,,,,,,
-13.53038215637207,7.950305461883545,19.82966423034668,-19.82966423034668,-13.530383110046387,8.686976432800293,19.829666137695312,-19.829666137695312,285,5719,,,,,,,,,,,,,
-13.53038215637207,8.126258850097656,19.552616119384766,-19.552616119384766,-13.530383110046387,8.84696102142334,19.552616119384766,-19.552616119384766,286,5739,,,,,,,,,,,,,
,,29.634841918945312,,,,,,287,5749,,,,,,,,,-20.343460083007812,9.291380882263184,-29.634841918945312,-29.634841918945312,9.241514205932617
-13.53038215637207,7.2856903076171875,18.552099227905273,-18.552099227905273,-13.530383110046387,7.826028347015381,18.552099227905273,-18.552099227905273,287,5759,,,,,,,,,,,,,
-13.53038215637207,7.407093524932861,19.265289306640625,-19.265289306640625,-13.530383110046387,7.925907135009766,19.265291213989258,-19.265291213989258,288,5779,,,,,,,,,,,,,
,,29.6834716796875,,,,,,289,5799,,,,,,,,,-20.392627716064453,9.290843963623047,-29.6834716796875,-29.6834716796875,13.842302322387695
-13.53038215637207,7.409668445587158,19.445085525512695,-19.445085525512695,-13.530383110046387,8.012565612792969,19.445083618164062,-19.445083618164062,289,5799,,,,,,,,,,,,,
-13.53038215637207,7.475090026855469,18.715656280517578,-18.715656280517578,-13.530383110046387,8.037322998046875,18.715656280517578,-18.715656280517578,290,5819,,,,,,,,,,,,,
-13.53038215637207,7.407283782958984,19.088794708251953,-19.088794708251953,-13.530383110046387,7.93902587890625,19.08879280090332,-19.08879280090332,291,5839,39.4207878112793,0.01683628559112549,-12.35341739654541,-1.1391640901565552,39.4207878112793,0.01683628559112549,-12.35341739654541,-1.1391640901565552,,,,,
,,30.04425048828125,,,,,,292,5849,,,,,,,,,-20.590816497802734,9.453432083129883,-30.04425048828125,-30.04425048828125,8.590985298156738
-13.53038215637207,7.468128204345703,19.30743980407715,-19.30743980407715,-13.530383110046387,7.9826483726501465,19.30743980407715,-19.30743980407715,292,5859,,,,,,,,,,,,,
-13.53038215637207,7.3879241943359375,18.254785537719727,-18.254785537719727,-13.530383110046387,7.937807083129883,18.254783630371094,-18.254783630371094,293,5879,,,,,,,,,,,,,
,,30.111976623535156,,,,,,294,5899,,,,,,,,,-20.44525146484375,9.66672420501709,-30.111976623535156,-30.111976623535156,13.786203384399414
-13.53038215637207,7.486724376678467,18.972814559936523,-18.972814559936523,-13.530383110046387,7.961050510406494,18.97281265258789,-18.97281265258789,294,5899,,,,,,,,,,,,,
-13.53038215637207,7.552814483642578,18.95067024230957,-18.95067024230957,-13.530383110046387,8.172469139099121,18.950668334960938,-18.950668334960938,295,5919,,,,,,,,,,,,,
-13.53038215637207,7.579803466796875,20.190919876098633,-20.190919876098633,-13.530383110046387,8.214173316955566,20.190921783447266,-20.190921783447266,296,5939,,,,,,,,,,,,,
,,29.26596450805664,,,,,,297,5949,,,,,,,,,-19.61899185180664,9.646973609924316,-29.26596450805664,-29.26596450805664,8.874107360839844
-13.53038215637207,7.500076770782471,18.728816986083984,-18.728816986083984,-13.530383110046387,8.037129402160645,18.728816986083984,-18.728816986083984,297,5959,,,,,,,,,,,,,
-13.53038215637207,7.48443603515625,19.741823196411133,-19.741823196411133,-13.530383110046387,8.028822898864746,19.741823196411133,-19.741823196411133,298,5979,,,,,,,,,,,,,
,,28.801958084106445,,,,,,299,5999,,,,,,,,,-19.72385025024414,9.078110694885254,-28.801958084106445,-28.801958084106445,13.503520011901855
-13.53038215637207,7.489109039306641,18.552927017211914,-18.552927017211914,-13.530383110046387,8.041365623474121,18.552927017211914,-18.552927017211914,299,5999,,,,,,,,,,,,,
